source	original_name	split	final_name	composition
external	coco_val2017_000000549674.jpg	train	external_coco_val2017_000000549674.jpg	mouse_only
external	coco_train2017_000000407216.jpg	train	external_coco_train2017_000000407216.jpg	both
external	coco_train2017_000000488558.jpg	train	external_coco_train2017_000000488558.jpg	both
external	coco_train2017_000000197600.jpg	train	external_coco_train2017_000000197600.jpg	mouse_only
external	coco_train2017_000000337146.jpg	train	external_coco_train2017_000000337146.jpg	bottle_only
external	coco_train2017_000000050099.jpg	train	external_coco_train2017_000000050099.jpg	mouse_only
external	coco_train2017_000000396984.jpg	train	external_coco_train2017_000000396984.jpg	both
external	coco_train2017_000000108575.jpg	train	external_coco_train2017_000000108575.jpg	bottle_only
external	coco_train2017_000000214250.jpg	train	external_coco_train2017_000000214250.jpg	bottle_only
external	coco_train2017_000000577718.jpg	train	external_coco_train2017_000000577718.jpg	bottle_only
external	coco_train2017_000000352794.jpg	train	external_coco_train2017_000000352794.jpg	bottle_only
external	coco_val2017_000000021503.jpg	train	external_coco_val2017_000000021503.jpg	mouse_only
external	coco_train2017_000000260360.jpg	train	external_coco_train2017_000000260360.jpg	mouse_only
external	coco_train2017_000000493428.jpg	train	external_coco_train2017_000000493428.jpg	bottle_only
external	coco_val2017_000000301421.jpg	train	external_coco_val2017_000000301421.jpg	mouse_only
external	coco_train2017_000000467973.jpg	train	external_coco_train2017_000000467973.jpg	bottle_only
external	coco_train2017_000000261843.jpg	train	external_coco_train2017_000000261843.jpg	bottle_only
external	coco_train2017_000000207077.jpg	train	external_coco_train2017_000000207077.jpg	mouse_only
external	coco_train2017_000000096757.jpg	train	external_coco_train2017_000000096757.jpg	mouse_only
external	coco_val2017_000000486040.jpg	train	external_coco_val2017_000000486040.jpg	mouse_only
external	coco_train2017_000000224056.jpg	train	external_coco_train2017_000000224056.jpg	mouse_only
external	coco_val2017_000000194724.jpg	train	external_coco_val2017_000000194724.jpg	bottle_only
external	coco_train2017_000000466580.jpg	train	external_coco_train2017_000000466580.jpg	both
external	coco_train2017_000000579240.jpg	train	external_coco_train2017_000000579240.jpg	bottle_only
external	coco_train2017_000000053410.jpg	train	external_coco_train2017_000000053410.jpg	mouse_only
external	coco_train2017_000000051152.jpg	train	external_coco_train2017_000000051152.jpg	mouse_only
external	coco_train2017_000000090782.jpg	train	external_coco_train2017_000000090782.jpg	bottle_only
external	coco_train2017_000000471861.jpg	train	external_coco_train2017_000000471861.jpg	bottle_only
external	coco_train2017_000000143123.jpg	train	external_coco_train2017_000000143123.jpg	mouse_only
external	coco_train2017_000000021060.jpg	train	external_coco_train2017_000000021060.jpg	mouse_only
external	coco_train2017_000000318346.jpg	train	external_coco_train2017_000000318346.jpg	mouse_only
external	coco_train2017_000000126389.jpg	train	external_coco_train2017_000000126389.jpg	both
external	coco_train2017_000000211850.jpg	train	external_coco_train2017_000000211850.jpg	both
external	coco_train2017_000000073226.jpg	train	external_coco_train2017_000000073226.jpg	mouse_only
external	coco_train2017_000000559427.jpg	train	external_coco_train2017_000000559427.jpg	mouse_only
self	00018_IMG_9701.jpg	train	self_00018_IMG_9701.jpg	mouse_only
external	coco_train2017_000000297236.jpg	train	external_coco_train2017_000000297236.jpg	both
external	coco_train2017_000000496617.jpg	train	external_coco_train2017_000000496617.jpg	bottle_only
external	coco_train2017_000000066853.jpg	train	external_coco_train2017_000000066853.jpg	mouse_only
external	coco_val2017_000000277051.jpg	train	external_coco_val2017_000000277051.jpg	bottle_only
external	coco_train2017_000000516412.jpg	train	external_coco_train2017_000000516412.jpg	bottle_only
external	coco_train2017_000000239376.jpg	train	external_coco_train2017_000000239376.jpg	bottle_only
external	coco_train2017_000000338581.jpg	train	external_coco_train2017_000000338581.jpg	bottle_only
external	coco_train2017_000000023134.jpg	train	external_coco_train2017_000000023134.jpg	mouse_only
external	coco_train2017_000000227520.jpg	train	external_coco_train2017_000000227520.jpg	both
external	coco_val2017_000000046031.jpg	train	external_coco_val2017_000000046031.jpg	mouse_only
external	coco_train2017_000000364437.jpg	train	external_coco_train2017_000000364437.jpg	bottle_only
external	coco_train2017_000000159346.jpg	train	external_coco_train2017_000000159346.jpg	both
external	coco_train2017_000000500492.jpg	train	external_coco_train2017_000000500492.jpg	bottle_only
external	coco_train2017_000000301077.jpg	train	external_coco_train2017_000000301077.jpg	mouse_only
external	coco_train2017_000000318185.jpg	train	external_coco_train2017_000000318185.jpg	mouse_only
external	coco_train2017_000000216437.jpg	train	external_coco_train2017_000000216437.jpg	mouse_only
external	coco_train2017_000000318638.jpg	train	external_coco_train2017_000000318638.jpg	bottle_only
external	coco_train2017_000000033094.jpg	train	external_coco_train2017_000000033094.jpg	bottle_only
external	coco_train2017_000000416322.jpg	train	external_coco_train2017_000000416322.jpg	mouse_only
external	coco_train2017_000000054541.jpg	train	external_coco_train2017_000000054541.jpg	bottle_only
external	coco_train2017_000000383406.jpg	train	external_coco_train2017_000000383406.jpg	both
external	coco_train2017_000000037789.jpg	train	external_coco_train2017_000000037789.jpg	both
external	coco_train2017_000000427252.jpg	train	external_coco_train2017_000000427252.jpg	bottle_only
external	coco_train2017_000000083586.jpg	train	external_coco_train2017_000000083586.jpg	mouse_only
external	coco_train2017_000000260713.jpg	train	external_coco_train2017_000000260713.jpg	bottle_only
external	coco_train2017_000000347113.jpg	train	external_coco_train2017_000000347113.jpg	bottle_only
external	coco_train2017_000000140999.jpg	train	external_coco_train2017_000000140999.jpg	mouse_only
external	coco_train2017_000000015262.jpg	train	external_coco_train2017_000000015262.jpg	bottle_only
external	coco_train2017_000000376397.jpg	train	external_coco_train2017_000000376397.jpg	mouse_only
external	coco_train2017_000000155496.jpg	train	external_coco_train2017_000000155496.jpg	mouse_only
external	coco_train2017_000000059388.jpg	train	external_coco_train2017_000000059388.jpg	mouse_only
external	coco_train2017_000000279777.jpg	train	external_coco_train2017_000000279777.jpg	both
external	coco_train2017_000000544150.jpg	train	external_coco_train2017_000000544150.jpg	bottle_only
external	coco_train2017_000000364444.jpg	train	external_coco_train2017_000000364444.jpg	mouse_only
external	coco_train2017_000000074080.jpg	train	external_coco_train2017_000000074080.jpg	both
external	coco_train2017_000000304483.jpg	train	external_coco_train2017_000000304483.jpg	bottle_only
external	coco_train2017_000000232376.jpg	train	external_coco_train2017_000000232376.jpg	mouse_only
external	coco_train2017_000000273103.jpg	train	external_coco_train2017_000000273103.jpg	both
external	coco_train2017_000000434893.jpg	train	external_coco_train2017_000000434893.jpg	bottle_only
external	coco_train2017_000000499300.jpg	train	external_coco_train2017_000000499300.jpg	mouse_only
external	coco_train2017_000000149306.jpg	train	external_coco_train2017_000000149306.jpg	mouse_only
external	coco_train2017_000000527649.jpg	train	external_coco_train2017_000000527649.jpg	both
external	coco_train2017_000000074206.jpg	train	external_coco_train2017_000000074206.jpg	mouse_only
external	coco_train2017_000000319706.jpg	train	external_coco_train2017_000000319706.jpg	mouse_only
external	coco_train2017_000000288023.jpg	train	external_coco_train2017_000000288023.jpg	bottle_only
external	coco_train2017_000000210999.jpg	train	external_coco_train2017_000000210999.jpg	bottle_only
external	coco_train2017_000000056828.jpg	train	external_coco_train2017_000000056828.jpg	both
external	coco_train2017_000000525176.jpg	train	external_coco_train2017_000000525176.jpg	both
external	coco_train2017_000000522704.jpg	train	external_coco_train2017_000000522704.jpg	mouse_only
external	coco_train2017_000000550529.jpg	train	external_coco_train2017_000000550529.jpg	bottle_only
external	coco_train2017_000000197398.jpg	train	external_coco_train2017_000000197398.jpg	bottle_only
external	coco_train2017_000000457205.jpg	train	external_coco_train2017_000000457205.jpg	bottle_only
external	coco_train2017_000000541491.jpg	train	external_coco_train2017_000000541491.jpg	mouse_only
external	coco_train2017_000000193062.jpg	train	external_coco_train2017_000000193062.jpg	bottle_only
external	coco_train2017_000000001145.jpg	train	external_coco_train2017_000000001145.jpg	bottle_only
external	coco_train2017_000000371927.jpg	train	external_coco_train2017_000000371927.jpg	mouse_only
external	coco_train2017_000000400166.jpg	train	external_coco_train2017_000000400166.jpg	mouse_only
external	coco_train2017_000000245664.jpg	train	external_coco_train2017_000000245664.jpg	mouse_only
external	coco_train2017_000000481530.jpg	train	external_coco_train2017_000000481530.jpg	bottle_only
external	coco_train2017_000000472109.jpg	train	external_coco_train2017_000000472109.jpg	mouse_only
external	coco_train2017_000000566324.jpg	train	external_coco_train2017_000000566324.jpg	both
external	coco_train2017_000000449610.jpg	train	external_coco_train2017_000000449610.jpg	bottle_only
external	coco_train2017_000000283697.jpg	train	external_coco_train2017_000000283697.jpg	mouse_only
external	coco_train2017_000000016606.jpg	train	external_coco_train2017_000000016606.jpg	mouse_only
external	coco_train2017_000000193193.jpg	train	external_coco_train2017_000000193193.jpg	both
external	coco_train2017_000000147060.jpg	train	external_coco_train2017_000000147060.jpg	bottle_only
external	coco_train2017_000000083462.jpg	train	external_coco_train2017_000000083462.jpg	mouse_only
external	coco_train2017_000000355863.jpg	train	external_coco_train2017_000000355863.jpg	both
external	coco_train2017_000000319096.jpg	train	external_coco_train2017_000000319096.jpg	both
external	coco_train2017_000000179814.jpg	train	external_coco_train2017_000000179814.jpg	bottle_only
external	coco_train2017_000000225060.jpg	train	external_coco_train2017_000000225060.jpg	mouse_only
external	coco_train2017_000000527970.jpg	train	external_coco_train2017_000000527970.jpg	bottle_only
external	coco_train2017_000000061133.jpg	train	external_coco_train2017_000000061133.jpg	bottle_only
external	coco_train2017_000000046078.jpg	train	external_coco_train2017_000000046078.jpg	bottle_only
external	coco_train2017_000000020888.jpg	train	external_coco_train2017_000000020888.jpg	both
self	00010_IMG_9693.jpg	train	self_00010_IMG_9693.jpg	both
external	coco_train2017_000000474571.jpg	train	external_coco_train2017_000000474571.jpg	bottle_only
external	coco_train2017_000000336452.jpg	train	external_coco_train2017_000000336452.jpg	bottle_only
external	coco_train2017_000000246434.jpg	train	external_coco_train2017_000000246434.jpg	both
external	coco_train2017_000000022102.jpg	train	external_coco_train2017_000000022102.jpg	bottle_only
external	coco_train2017_000000506803.jpg	train	external_coco_train2017_000000506803.jpg	mouse_only
external	coco_train2017_000000531875.jpg	train	external_coco_train2017_000000531875.jpg	bottle_only
external	coco_train2017_000000270096.jpg	train	external_coco_train2017_000000270096.jpg	mouse_only
external	coco_val2017_000000146155.jpg	train	external_coco_val2017_000000146155.jpg	bottle_only
self	00001_IMG_9684.jpg	train	self_00001_IMG_9684.jpg	both
external	coco_train2017_000000476852.jpg	train	external_coco_train2017_000000476852.jpg	mouse_only
external	coco_train2017_000000563098.jpg	train	external_coco_train2017_000000563098.jpg	bottle_only
external	coco_train2017_000000256755.jpg	train	external_coco_train2017_000000256755.jpg	bottle_only
external	coco_train2017_000000348269.jpg	train	external_coco_train2017_000000348269.jpg	both
external	coco_train2017_000000110593.jpg	train	external_coco_train2017_000000110593.jpg	mouse_only
external	coco_train2017_000000474472.jpg	train	external_coco_train2017_000000474472.jpg	both
external	coco_train2017_000000087871.jpg	train	external_coco_train2017_000000087871.jpg	mouse_only
external	coco_train2017_000000096130.jpg	train	external_coco_train2017_000000096130.jpg	mouse_only
external	coco_train2017_000000072051.jpg	train	external_coco_train2017_000000072051.jpg	mouse_only
external	coco_train2017_000000561589.jpg	train	external_coco_train2017_000000561589.jpg	bottle_only
external	coco_train2017_000000129334.jpg	train	external_coco_train2017_000000129334.jpg	mouse_only
external	coco_train2017_000000190667.jpg	train	external_coco_train2017_000000190667.jpg	mouse_only
external	coco_train2017_000000093644.jpg	train	external_coco_train2017_000000093644.jpg	both
external	coco_train2017_000000102609.jpg	train	external_coco_train2017_000000102609.jpg	mouse_only
external	coco_train2017_000000310897.jpg	train	external_coco_train2017_000000310897.jpg	mouse_only
external	coco_val2017_000000009400.jpg	train	external_coco_val2017_000000009400.jpg	mouse_only
self	00009_IMG_9692.jpg	train	self_00009_IMG_9692.jpg	both
external	coco_train2017_000000544451.jpg	train	external_coco_train2017_000000544451.jpg	both
external	coco_train2017_000000080590.jpg	train	external_coco_train2017_000000080590.jpg	bottle_only
external	coco_train2017_000000343225.jpg	train	external_coco_train2017_000000343225.jpg	mouse_only
external	coco_train2017_000000524459.jpg	train	external_coco_train2017_000000524459.jpg	both
external	coco_train2017_000000479066.jpg	train	external_coco_train2017_000000479066.jpg	bottle_only
external	coco_train2017_000000051594.jpg	train	external_coco_train2017_000000051594.jpg	bottle_only
external	coco_train2017_000000171270.jpg	train	external_coco_train2017_000000171270.jpg	bottle_only
external	coco_train2017_000000166244.jpg	train	external_coco_train2017_000000166244.jpg	both
external	coco_train2017_000000452837.jpg	train	external_coco_train2017_000000452837.jpg	bottle_only
external	coco_train2017_000000051028.jpg	train	external_coco_train2017_000000051028.jpg	mouse_only
external	coco_train2017_000000358763.jpg	train	external_coco_train2017_000000358763.jpg	mouse_only
external	coco_train2017_000000380128.jpg	train	external_coco_train2017_000000380128.jpg	mouse_only
external	coco_train2017_000000294330.jpg	train	external_coco_train2017_000000294330.jpg	mouse_only
self	00025_IMG_9708.jpg	train	self_00025_IMG_9708.jpg	both
external	coco_train2017_000000347766.jpg	train	external_coco_train2017_000000347766.jpg	mouse_only
external	coco_train2017_000000085483.jpg	train	external_coco_train2017_000000085483.jpg	mouse_only
external	coco_train2017_000000449528.jpg	train	external_coco_train2017_000000449528.jpg	both
external	coco_train2017_000000103504.jpg	train	external_coco_train2017_000000103504.jpg	bottle_only
external	coco_val2017_000000156643.jpg	train	external_coco_val2017_000000156643.jpg	bottle_only
external	coco_train2017_000000266242.jpg	train	external_coco_train2017_000000266242.jpg	bottle_only
external	coco_train2017_000000097964.jpg	train	external_coco_train2017_000000097964.jpg	both
external	coco_train2017_000000507876.jpg	train	external_coco_train2017_000000507876.jpg	bottle_only
external	coco_train2017_000000119849.jpg	train	external_coco_train2017_000000119849.jpg	both
external	coco_train2017_000000310214.jpg	train	external_coco_train2017_000000310214.jpg	mouse_only
external	coco_train2017_000000088759.jpg	train	external_coco_train2017_000000088759.jpg	bottle_only
external	coco_train2017_000000553176.jpg	train	external_coco_train2017_000000553176.jpg	mouse_only
external	coco_train2017_000000314935.jpg	train	external_coco_train2017_000000314935.jpg	mouse_only
external	coco_train2017_000000080953.jpg	train	external_coco_train2017_000000080953.jpg	bottle_only
external	coco_train2017_000000235537.jpg	train	external_coco_train2017_000000235537.jpg	mouse_only
external	coco_train2017_000000224961.jpg	train	external_coco_train2017_000000224961.jpg	bottle_only
external	coco_train2017_000000424542.jpg	train	external_coco_train2017_000000424542.jpg	both
external	coco_train2017_000000348843.jpg	train	external_coco_train2017_000000348843.jpg	mouse_only
external	coco_train2017_000000342259.jpg	train	external_coco_train2017_000000342259.jpg	bottle_only
external	coco_train2017_000000197915.jpg	train	external_coco_train2017_000000197915.jpg	bottle_only
external	coco_train2017_000000035094.jpg	train	external_coco_train2017_000000035094.jpg	both
external	coco_train2017_000000009527.jpg	train	external_coco_train2017_000000009527.jpg	both
external	coco_train2017_000000186685.jpg	train	external_coco_train2017_000000186685.jpg	mouse_only
external	coco_train2017_000000069969.jpg	train	external_coco_train2017_000000069969.jpg	bottle_only
external	coco_train2017_000000222137.jpg	train	external_coco_train2017_000000222137.jpg	bottle_only
external	coco_train2017_000000011742.jpg	train	external_coco_train2017_000000011742.jpg	bottle_only
external	coco_train2017_000000074409.jpg	train	external_coco_train2017_000000074409.jpg	mouse_only
external	coco_train2017_000000155107.jpg	train	external_coco_train2017_000000155107.jpg	both
external	coco_train2017_000000095062.jpg	train	external_coco_train2017_000000095062.jpg	bottle_only
external	coco_train2017_000000057892.jpg	train	external_coco_train2017_000000057892.jpg	mouse_only
external	coco_train2017_000000039211.jpg	train	external_coco_train2017_000000039211.jpg	both
external	coco_train2017_000000058864.jpg	train	external_coco_train2017_000000058864.jpg	both
external	coco_train2017_000000287962.jpg	train	external_coco_train2017_000000287962.jpg	bottle_only
external	coco_train2017_000000267042.jpg	train	external_coco_train2017_000000267042.jpg	mouse_only
external	coco_train2017_000000384231.jpg	train	external_coco_train2017_000000384231.jpg	both
external	coco_train2017_000000512240.jpg	train	external_coco_train2017_000000512240.jpg	both
external	coco_train2017_000000471039.jpg	train	external_coco_train2017_000000471039.jpg	bottle_only
external	coco_train2017_000000135748.jpg	train	external_coco_train2017_000000135748.jpg	bottle_only
external	coco_train2017_000000105114.jpg	train	external_coco_train2017_000000105114.jpg	bottle_only
external	coco_val2017_000000512330.jpg	train	external_coco_val2017_000000512330.jpg	bottle_only
external	coco_train2017_000000021079.jpg	train	external_coco_train2017_000000021079.jpg	bottle_only
external	coco_train2017_000000253263.jpg	train	external_coco_train2017_000000253263.jpg	mouse_only
external	coco_train2017_000000198611.jpg	train	external_coco_train2017_000000198611.jpg	both
external	coco_train2017_000000466766.jpg	train	external_coco_train2017_000000466766.jpg	bottle_only
external	coco_train2017_000000530668.jpg	train	external_coco_train2017_000000530668.jpg	bottle_only
external	coco_train2017_000000481452.jpg	train	external_coco_train2017_000000481452.jpg	mouse_only
external	coco_train2017_000000007961.jpg	train	external_coco_train2017_000000007961.jpg	bottle_only
external	coco_train2017_000000023258.jpg	train	external_coco_train2017_000000023258.jpg	bottle_only
external	coco_train2017_000000451826.jpg	train	external_coco_train2017_000000451826.jpg	both
self	00028_IMG_9711.jpg	train	self_00028_IMG_9711.jpg	both
external	coco_train2017_000000483553.jpg	train	external_coco_train2017_000000483553.jpg	bottle_only
external	coco_train2017_000000280873.jpg	train	external_coco_train2017_000000280873.jpg	mouse_only
external	coco_train2017_000000394880.jpg	train	external_coco_train2017_000000394880.jpg	bottle_only
external	coco_train2017_000000157639.jpg	train	external_coco_train2017_000000157639.jpg	bottle_only
external	coco_train2017_000000068418.jpg	train	external_coco_train2017_000000068418.jpg	mouse_only
external	coco_train2017_000000272647.jpg	train	external_coco_train2017_000000272647.jpg	both
external	coco_train2017_000000444568.jpg	train	external_coco_train2017_000000444568.jpg	mouse_only
external	coco_train2017_000000213207.jpg	train	external_coco_train2017_000000213207.jpg	both
external	coco_val2017_000000187249.jpg	train	external_coco_val2017_000000187249.jpg	bottle_only
external	coco_val2017_000000275749.jpg	train	external_coco_val2017_000000275749.jpg	both
external	coco_train2017_000000405473.jpg	train	external_coco_train2017_000000405473.jpg	both
external	coco_train2017_000000541856.jpg	train	external_coco_train2017_000000541856.jpg	bottle_only
external	coco_train2017_000000233483.jpg	train	external_coco_train2017_000000233483.jpg	mouse_only
external	coco_train2017_000000307814.jpg	train	external_coco_train2017_000000307814.jpg	both
external	coco_train2017_000000153856.jpg	train	external_coco_train2017_000000153856.jpg	mouse_only
external	coco_train2017_000000015197.jpg	train	external_coco_train2017_000000015197.jpg	mouse_only
external	coco_train2017_000000467572.jpg	train	external_coco_train2017_000000467572.jpg	bottle_only
external	coco_train2017_000000414381.jpg	train	external_coco_train2017_000000414381.jpg	bottle_only
external	coco_train2017_000000288507.jpg	train	external_coco_train2017_000000288507.jpg	mouse_only
external	coco_train2017_000000474373.jpg	train	external_coco_train2017_000000474373.jpg	bottle_only
external	coco_train2017_000000278219.jpg	train	external_coco_train2017_000000278219.jpg	both
external	coco_train2017_000000228434.jpg	train	external_coco_train2017_000000228434.jpg	both
external	coco_train2017_000000431495.jpg	train	external_coco_train2017_000000431495.jpg	bottle_only
external	coco_train2017_000000556091.jpg	train	external_coco_train2017_000000556091.jpg	mouse_only
self	00024_IMG_9707.jpg	train	self_00024_IMG_9707.jpg	bottle_only
external	coco_train2017_000000309400.jpg	train	external_coco_train2017_000000309400.jpg	mouse_only
external	coco_train2017_000000108301.jpg	train	external_coco_train2017_000000108301.jpg	mouse_only
external	coco_train2017_000000054052.jpg	train	external_coco_train2017_000000054052.jpg	mouse_only
external	coco_train2017_000000286774.jpg	train	external_coco_train2017_000000286774.jpg	both
external	coco_train2017_000000179699.jpg	train	external_coco_train2017_000000179699.jpg	bottle_only
external	coco_train2017_000000064684.jpg	train	external_coco_train2017_000000064684.jpg	mouse_only
external	coco_train2017_000000005589.jpg	train	external_coco_train2017_000000005589.jpg	mouse_only
external	coco_train2017_000000359525.jpg	train	external_coco_train2017_000000359525.jpg	bottle_only
external	coco_train2017_000000096832.jpg	train	external_coco_train2017_000000096832.jpg	mouse_only
external	coco_train2017_000000105177.jpg	train	external_coco_train2017_000000105177.jpg	bottle_only
external	coco_train2017_000000265586.jpg	train	external_coco_train2017_000000265586.jpg	mouse_only
external	coco_train2017_000000050790.jpg	train	external_coco_train2017_000000050790.jpg	bottle_only
external	coco_train2017_000000075285.jpg	train	external_coco_train2017_000000075285.jpg	both
external	coco_train2017_000000466967.jpg	train	external_coco_train2017_000000466967.jpg	mouse_only
external	coco_train2017_000000275708.jpg	train	external_coco_train2017_000000275708.jpg	bottle_only
external	coco_train2017_000000048908.jpg	train	external_coco_train2017_000000048908.jpg	bottle_only
external	coco_train2017_000000456658.jpg	train	external_coco_train2017_000000456658.jpg	both
external	coco_train2017_000000166565.jpg	train	external_coco_train2017_000000166565.jpg	mouse_only
external	coco_train2017_000000267694.jpg	train	external_coco_train2017_000000267694.jpg	bottle_only
external	coco_train2017_000000368706.jpg	train	external_coco_train2017_000000368706.jpg	mouse_only
external	coco_train2017_000000294716.jpg	train	external_coco_train2017_000000294716.jpg	bottle_only
external	coco_train2017_000000177974.jpg	train	external_coco_train2017_000000177974.jpg	both
external	coco_train2017_000000015239.jpg	train	external_coco_train2017_000000015239.jpg	bottle_only
external	coco_train2017_000000192835.jpg	train	external_coco_train2017_000000192835.jpg	mouse_only
external	coco_val2017_000000432085.jpg	train	external_coco_val2017_000000432085.jpg	both
external	coco_train2017_000000382945.jpg	train	external_coco_train2017_000000382945.jpg	bottle_only
external	coco_train2017_000000555871.jpg	train	external_coco_train2017_000000555871.jpg	mouse_only
external	coco_train2017_000000106244.jpg	train	external_coco_train2017_000000106244.jpg	bottle_only
external	coco_train2017_000000181156.jpg	train	external_coco_train2017_000000181156.jpg	bottle_only
external	coco_train2017_000000277479.jpg	train	external_coco_train2017_000000277479.jpg	bottle_only
external	coco_train2017_000000429793.jpg	train	external_coco_train2017_000000429793.jpg	mouse_only
external	coco_train2017_000000437541.jpg	train	external_coco_train2017_000000437541.jpg	bottle_only
external	coco_train2017_000000536960.jpg	train	external_coco_train2017_000000536960.jpg	bottle_only
external	coco_train2017_000000393375.jpg	train	external_coco_train2017_000000393375.jpg	bottle_only
external	coco_train2017_000000404350.jpg	train	external_coco_train2017_000000404350.jpg	mouse_only
external	coco_train2017_000000315631.jpg	train	external_coco_train2017_000000315631.jpg	bottle_only
external	coco_train2017_000000509607.jpg	train	external_coco_train2017_000000509607.jpg	both
external	coco_train2017_000000416315.jpg	train	external_coco_train2017_000000416315.jpg	bottle_only
external	coco_train2017_000000410576.jpg	train	external_coco_train2017_000000410576.jpg	both
external	coco_train2017_000000255179.jpg	train	external_coco_train2017_000000255179.jpg	bottle_only
external	coco_train2017_000000064659.jpg	train	external_coco_train2017_000000064659.jpg	both
external	coco_train2017_000000544018.jpg	train	external_coco_train2017_000000544018.jpg	mouse_only
external	coco_train2017_000000440372.jpg	train	external_coco_train2017_000000440372.jpg	bottle_only
external	coco_train2017_000000113561.jpg	train	external_coco_train2017_000000113561.jpg	bottle_only
external	coco_train2017_000000506441.jpg	train	external_coco_train2017_000000506441.jpg	bottle_only
external	coco_train2017_000000123336.jpg	train	external_coco_train2017_000000123336.jpg	bottle_only
external	coco_train2017_000000222512.jpg	train	external_coco_train2017_000000222512.jpg	mouse_only
external	coco_train2017_000000161386.jpg	train	external_coco_train2017_000000161386.jpg	both
external	coco_train2017_000000232118.jpg	train	external_coco_train2017_000000232118.jpg	mouse_only
external	coco_train2017_000000093175.jpg	train	external_coco_train2017_000000093175.jpg	mouse_only
external	coco_train2017_000000448368.jpg	train	external_coco_train2017_000000448368.jpg	both
external	coco_train2017_000000427548.jpg	train	external_coco_train2017_000000427548.jpg	mouse_only
external	coco_train2017_000000473069.jpg	train	external_coco_train2017_000000473069.jpg	mouse_only
external	coco_train2017_000000510320.jpg	train	external_coco_train2017_000000510320.jpg	both
external	coco_train2017_000000433770.jpg	train	external_coco_train2017_000000433770.jpg	mouse_only
external	coco_train2017_000000140919.jpg	train	external_coco_train2017_000000140919.jpg	bottle_only
external	coco_train2017_000000261129.jpg	train	external_coco_train2017_000000261129.jpg	mouse_only
external	coco_train2017_000000561729.jpg	train	external_coco_train2017_000000561729.jpg	mouse_only
external	coco_train2017_000000124215.jpg	train	external_coco_train2017_000000124215.jpg	mouse_only
external	coco_train2017_000000192236.jpg	train	external_coco_train2017_000000192236.jpg	bottle_only
external	coco_train2017_000000549327.jpg	train	external_coco_train2017_000000549327.jpg	bottle_only
external	coco_train2017_000000182362.jpg	train	external_coco_train2017_000000182362.jpg	both
external	coco_train2017_000000111341.jpg	train	external_coco_train2017_000000111341.jpg	both
external	coco_train2017_000000499364.jpg	train	external_coco_train2017_000000499364.jpg	mouse_only
external	coco_train2017_000000357992.jpg	train	external_coco_train2017_000000357992.jpg	both
external	coco_train2017_000000261453.jpg	train	external_coco_train2017_000000261453.jpg	mouse_only
external	coco_train2017_000000375509.jpg	train	external_coco_train2017_000000375509.jpg	mouse_only
external	coco_train2017_000000555904.jpg	train	external_coco_train2017_000000555904.jpg	bottle_only
external	coco_train2017_000000455299.jpg	train	external_coco_train2017_000000455299.jpg	mouse_only
external	coco_train2017_000000199133.jpg	train	external_coco_train2017_000000199133.jpg	bottle_only
external	coco_train2017_000000151900.jpg	train	external_coco_train2017_000000151900.jpg	mouse_only
external	coco_train2017_000000365512.jpg	train	external_coco_train2017_000000365512.jpg	mouse_only
external	coco_val2017_000000160012.jpg	train	external_coco_val2017_000000160012.jpg	bottle_only
external	coco_train2017_000000275795.jpg	train	external_coco_train2017_000000275795.jpg	both
external	coco_train2017_000000157581.jpg	train	external_coco_train2017_000000157581.jpg	bottle_only
external	coco_train2017_000000262059.jpg	train	external_coco_train2017_000000262059.jpg	mouse_only
external	coco_train2017_000000322517.jpg	train	external_coco_train2017_000000322517.jpg	bottle_only
external	coco_train2017_000000243090.jpg	train	external_coco_train2017_000000243090.jpg	bottle_only
external	coco_train2017_000000141163.jpg	train	external_coco_train2017_000000141163.jpg	bottle_only
external	coco_train2017_000000379508.jpg	train	external_coco_train2017_000000379508.jpg	both
external	coco_train2017_000000533589.jpg	train	external_coco_train2017_000000533589.jpg	bottle_only
external	coco_train2017_000000208132.jpg	train	external_coco_train2017_000000208132.jpg	bottle_only
external	coco_train2017_000000468068.jpg	train	external_coco_train2017_000000468068.jpg	bottle_only
external	coco_train2017_000000226232.jpg	train	external_coco_train2017_000000226232.jpg	mouse_only
external	coco_train2017_000000299952.jpg	train	external_coco_train2017_000000299952.jpg	mouse_only
external	coco_train2017_000000234555.jpg	train	external_coco_train2017_000000234555.jpg	both
external	coco_train2017_000000028281.jpg	train	external_coco_train2017_000000028281.jpg	both
external	coco_train2017_000000385707.jpg	train	external_coco_train2017_000000385707.jpg	bottle_only
external	coco_train2017_000000153985.jpg	train	external_coco_train2017_000000153985.jpg	both
external	coco_val2017_000000225757.jpg	train	external_coco_val2017_000000225757.jpg	mouse_only
external	coco_train2017_000000459118.jpg	train	external_coco_train2017_000000459118.jpg	mouse_only
external	coco_train2017_000000180274.jpg	train	external_coco_train2017_000000180274.jpg	bottle_only
self	00017_IMG_9700.jpg	train	self_00017_IMG_9700.jpg	mouse_only
external	coco_train2017_000000234475.jpg	train	external_coco_train2017_000000234475.jpg	mouse_only
external	coco_train2017_000000521357.jpg	train	external_coco_train2017_000000521357.jpg	bottle_only
external	coco_train2017_000000281351.jpg	train	external_coco_train2017_000000281351.jpg	mouse_only
external	coco_train2017_000000312671.jpg	train	external_coco_train2017_000000312671.jpg	bottle_only
external	coco_val2017_000000465718.jpg	train	external_coco_val2017_000000465718.jpg	mouse_only
external	coco_train2017_000000197005.jpg	train	external_coco_train2017_000000197005.jpg	bottle_only
external	coco_train2017_000000463320.jpg	train	external_coco_train2017_000000463320.jpg	bottle_only
external	coco_train2017_000000059798.jpg	train	external_coco_train2017_000000059798.jpg	bottle_only
external	coco_train2017_000000163255.jpg	train	external_coco_train2017_000000163255.jpg	bottle_only
external	coco_train2017_000000501138.jpg	train	external_coco_train2017_000000501138.jpg	both
external	coco_train2017_000000388412.jpg	train	external_coco_train2017_000000388412.jpg	mouse_only
external	coco_train2017_000000447633.jpg	train	external_coco_train2017_000000447633.jpg	mouse_only
external	coco_train2017_000000530706.jpg	train	external_coco_train2017_000000530706.jpg	mouse_only
external	coco_val2017_000000300039.jpg	train	external_coco_val2017_000000300039.jpg	bottle_only
external	coco_train2017_000000492627.jpg	train	external_coco_train2017_000000492627.jpg	bottle_only
external	coco_train2017_000000359097.jpg	train	external_coco_train2017_000000359097.jpg	mouse_only
external	coco_train2017_000000256251.jpg	train	external_coco_train2017_000000256251.jpg	bottle_only
external	coco_train2017_000000566969.jpg	train	external_coco_train2017_000000566969.jpg	bottle_only
external	coco_train2017_000000128222.jpg	train	external_coco_train2017_000000128222.jpg	mouse_only
external	coco_train2017_000000579548.jpg	train	external_coco_train2017_000000579548.jpg	mouse_only
external	coco_train2017_000000019358.jpg	train	external_coco_train2017_000000019358.jpg	bottle_only
external	coco_train2017_000000235352.jpg	train	external_coco_train2017_000000235352.jpg	bottle_only
external	coco_train2017_000000423141.jpg	train	external_coco_train2017_000000423141.jpg	bottle_only
external	coco_val2017_000000190236.jpg	train	external_coco_val2017_000000190236.jpg	both
external	coco_train2017_000000183888.jpg	train	external_coco_train2017_000000183888.jpg	bottle_only
external	coco_train2017_000000373574.jpg	train	external_coco_train2017_000000373574.jpg	both
external	coco_train2017_000000044286.jpg	train	external_coco_train2017_000000044286.jpg	mouse_only
external	coco_train2017_000000077417.jpg	train	external_coco_train2017_000000077417.jpg	mouse_only
external	coco_train2017_000000322866.jpg	train	external_coco_train2017_000000322866.jpg	both
external	coco_train2017_000000450777.jpg	train	external_coco_train2017_000000450777.jpg	mouse_only
external	coco_train2017_000000257461.jpg	train	external_coco_train2017_000000257461.jpg	bottle_only
external	coco_train2017_000000166043.jpg	train	external_coco_train2017_000000166043.jpg	bottle_only
external	coco_train2017_000000032231.jpg	train	external_coco_train2017_000000032231.jpg	mouse_only
external	coco_train2017_000000321583.jpg	train	external_coco_train2017_000000321583.jpg	mouse_only
external	coco_val2017_000000027620.jpg	train	external_coco_val2017_000000027620.jpg	both
external	coco_train2017_000000354059.jpg	train	external_coco_train2017_000000354059.jpg	both
external	coco_train2017_000000311690.jpg	train	external_coco_train2017_000000311690.jpg	bottle_only
external	coco_train2017_000000316085.jpg	train	external_coco_train2017_000000316085.jpg	both
external	coco_train2017_000000281376.jpg	train	external_coco_train2017_000000281376.jpg	mouse_only
external	coco_train2017_000000155177.jpg	train	external_coco_train2017_000000155177.jpg	mouse_only
external	coco_train2017_000000088436.jpg	train	external_coco_train2017_000000088436.jpg	both
external	coco_train2017_000000359772.jpg	train	external_coco_train2017_000000359772.jpg	mouse_only
external	coco_train2017_000000319057.jpg	train	external_coco_train2017_000000319057.jpg	bottle_only
external	coco_train2017_000000478885.jpg	train	external_coco_train2017_000000478885.jpg	mouse_only
external	coco_train2017_000000568982.jpg	train	external_coco_train2017_000000568982.jpg	mouse_only
external	coco_train2017_000000488390.jpg	train	external_coco_train2017_000000488390.jpg	both
self	00008_IMG_9691.jpg	train	self_00008_IMG_9691.jpg	both
external	coco_train2017_000000333842.jpg	train	external_coco_train2017_000000333842.jpg	both
external	coco_train2017_000000324837.jpg	train	external_coco_train2017_000000324837.jpg	mouse_only
external	coco_train2017_000000568446.jpg	train	external_coco_train2017_000000568446.jpg	bottle_only
external	coco_train2017_000000561464.jpg	train	external_coco_train2017_000000561464.jpg	bottle_only
external	coco_train2017_000000230780.jpg	train	external_coco_train2017_000000230780.jpg	bottle_only
external	coco_train2017_000000070932.jpg	train	external_coco_train2017_000000070932.jpg	mouse_only
external	coco_train2017_000000016669.jpg	train	external_coco_train2017_000000016669.jpg	mouse_only
external	coco_train2017_000000016072.jpg	train	external_coco_train2017_000000016072.jpg	bottle_only
external	coco_train2017_000000336314.jpg	train	external_coco_train2017_000000336314.jpg	bottle_only
external	coco_train2017_000000404526.jpg	train	external_coco_train2017_000000404526.jpg	bottle_only
external	coco_val2017_000000097994.jpg	train	external_coco_val2017_000000097994.jpg	both
external	coco_train2017_000000493991.jpg	train	external_coco_train2017_000000493991.jpg	bottle_only
external	coco_train2017_000000254986.jpg	train	external_coco_train2017_000000254986.jpg	mouse_only
external	coco_train2017_000000573501.jpg	train	external_coco_train2017_000000573501.jpg	mouse_only
external	coco_train2017_000000391794.jpg	train	external_coco_train2017_000000391794.jpg	mouse_only
external	coco_train2017_000000038276.jpg	train	external_coco_train2017_000000038276.jpg	both
self	00013_IMG_9696.jpg	train	self_00013_IMG_9696.jpg	mouse_only
external	coco_train2017_000000423355.jpg	train	external_coco_train2017_000000423355.jpg	bottle_only
external	coco_train2017_000000334596.jpg	train	external_coco_train2017_000000334596.jpg	mouse_only
external	coco_train2017_000000414501.jpg	train	external_coco_train2017_000000414501.jpg	mouse_only
external	coco_train2017_000000237872.jpg	train	external_coco_train2017_000000237872.jpg	mouse_only
external	coco_train2017_000000578861.jpg	train	external_coco_train2017_000000578861.jpg	mouse_only
external	coco_val2017_000000025394.jpg	train	external_coco_val2017_000000025394.jpg	bottle_only
external	coco_train2017_000000060706.jpg	train	external_coco_train2017_000000060706.jpg	mouse_only
external	coco_train2017_000000074894.jpg	train	external_coco_train2017_000000074894.jpg	both
external	coco_train2017_000000288982.jpg	train	external_coco_train2017_000000288982.jpg	bottle_only
external	coco_train2017_000000540253.jpg	train	external_coco_train2017_000000540253.jpg	mouse_only
external	coco_val2017_000000064084.jpg	train	external_coco_val2017_000000064084.jpg	bottle_only
external	coco_train2017_000000052183.jpg	train	external_coco_train2017_000000052183.jpg	both
external	coco_train2017_000000528386.jpg	train	external_coco_train2017_000000528386.jpg	bottle_only
external	coco_train2017_000000104395.jpg	train	external_coco_train2017_000000104395.jpg	bottle_only
external	coco_train2017_000000554920.jpg	train	external_coco_train2017_000000554920.jpg	mouse_only
external	coco_train2017_000000238488.jpg	train	external_coco_train2017_000000238488.jpg	both
external	coco_train2017_000000201261.jpg	train	external_coco_train2017_000000201261.jpg	both
external	coco_train2017_000000548375.jpg	train	external_coco_train2017_000000548375.jpg	both
external	coco_train2017_000000264660.jpg	train	external_coco_train2017_000000264660.jpg	both
external	coco_train2017_000000049312.jpg	train	external_coco_train2017_000000049312.jpg	bottle_only
external	coco_train2017_000000102171.jpg	train	external_coco_train2017_000000102171.jpg	mouse_only
external	coco_train2017_000000465087.jpg	train	external_coco_train2017_000000465087.jpg	bottle_only
external	coco_train2017_000000077415.jpg	train	external_coco_train2017_000000077415.jpg	bottle_only
external	coco_train2017_000000131162.jpg	train	external_coco_train2017_000000131162.jpg	bottle_only
external	coco_train2017_000000391786.jpg	train	external_coco_train2017_000000391786.jpg	mouse_only
external	coco_train2017_000000290177.jpg	train	external_coco_train2017_000000290177.jpg	mouse_only
external	coco_train2017_000000546218.jpg	train	external_coco_train2017_000000546218.jpg	bottle_only
external	coco_train2017_000000038353.jpg	train	external_coco_train2017_000000038353.jpg	both
external	coco_train2017_000000384261.jpg	train	external_coco_train2017_000000384261.jpg	mouse_only
external	coco_train2017_000000505552.jpg	train	external_coco_train2017_000000505552.jpg	both
external	coco_train2017_000000042867.jpg	train	external_coco_train2017_000000042867.jpg	mouse_only
external	coco_train2017_000000481039.jpg	train	external_coco_train2017_000000481039.jpg	mouse_only
external	coco_train2017_000000380449.jpg	train	external_coco_train2017_000000380449.jpg	both
external	coco_train2017_000000441883.jpg	train	external_coco_train2017_000000441883.jpg	bottle_only
external	coco_train2017_000000302716.jpg	train	external_coco_train2017_000000302716.jpg	bottle_only
external	coco_train2017_000000021190.jpg	train	external_coco_train2017_000000021190.jpg	both
external	coco_train2017_000000025907.jpg	train	external_coco_train2017_000000025907.jpg	bottle_only
external	coco_train2017_000000222674.jpg	train	external_coco_train2017_000000222674.jpg	bottle_only
external	coco_train2017_000000041753.jpg	train	external_coco_train2017_000000041753.jpg	mouse_only
external	coco_train2017_000000411083.jpg	train	external_coco_train2017_000000411083.jpg	bottle_only
external	coco_train2017_000000040304.jpg	train	external_coco_train2017_000000040304.jpg	mouse_only
external	coco_train2017_000000256337.jpg	train	external_coco_train2017_000000256337.jpg	bottle_only
external	coco_train2017_000000477233.jpg	train	external_coco_train2017_000000477233.jpg	mouse_only
external	coco_train2017_000000252504.jpg	train	external_coco_train2017_000000252504.jpg	both
external	coco_train2017_000000011849.jpg	train	external_coco_train2017_000000011849.jpg	both
external	coco_train2017_000000547639.jpg	train	external_coco_train2017_000000547639.jpg	both
external	coco_train2017_000000572121.jpg	train	external_coco_train2017_000000572121.jpg	mouse_only
external	coco_train2017_000000283682.jpg	train	external_coco_train2017_000000283682.jpg	bottle_only
external	coco_train2017_000000092344.jpg	train	external_coco_train2017_000000092344.jpg	mouse_only
self	00007_IMG_9690.jpg	train	self_00007_IMG_9690.jpg	both
external	coco_train2017_000000055288.jpg	train	external_coco_train2017_000000055288.jpg	bottle_only
external	coco_train2017_000000159198.jpg	train	external_coco_train2017_000000159198.jpg	both
external	coco_train2017_000000280254.jpg	train	external_coco_train2017_000000280254.jpg	bottle_only
external	coco_train2017_000000039654.jpg	train	external_coco_train2017_000000039654.jpg	bottle_only
external	coco_train2017_000000461018.jpg	train	external_coco_train2017_000000461018.jpg	mouse_only
external	coco_train2017_000000299122.jpg	train	external_coco_train2017_000000299122.jpg	bottle_only
external	coco_train2017_000000022593.jpg	train	external_coco_train2017_000000022593.jpg	both
external	coco_train2017_000000042355.jpg	train	external_coco_train2017_000000042355.jpg	mouse_only
external	coco_train2017_000000227185.jpg	train	external_coco_train2017_000000227185.jpg	bottle_only
external	coco_train2017_000000545381.jpg	train	external_coco_train2017_000000545381.jpg	bottle_only
external	coco_train2017_000000576040.jpg	train	external_coco_train2017_000000576040.jpg	mouse_only
external	coco_train2017_000000057842.jpg	train	external_coco_train2017_000000057842.jpg	both
external	coco_train2017_000000413539.jpg	train	external_coco_train2017_000000413539.jpg	bottle_only
external	coco_train2017_000000381031.jpg	train	external_coco_train2017_000000381031.jpg	bottle_only
external	coco_train2017_000000018072.jpg	train	external_coco_train2017_000000018072.jpg	mouse_only
external	coco_val2017_000000340697.jpg	train	external_coco_val2017_000000340697.jpg	bottle_only
external	coco_train2017_000000518075.jpg	train	external_coco_train2017_000000518075.jpg	bottle_only
external	coco_train2017_000000216601.jpg	train	external_coco_train2017_000000216601.jpg	bottle_only
external	coco_train2017_000000040988.jpg	train	external_coco_train2017_000000040988.jpg	both
external	coco_train2017_000000110518.jpg	train	external_coco_train2017_000000110518.jpg	mouse_only
external	coco_train2017_000000426377.jpg	train	external_coco_train2017_000000426377.jpg	bottle_only
external	coco_train2017_000000424139.jpg	train	external_coco_train2017_000000424139.jpg	mouse_only
external	coco_train2017_000000110536.jpg	train	external_coco_train2017_000000110536.jpg	both
external	coco_train2017_000000210471.jpg	train	external_coco_train2017_000000210471.jpg	mouse_only
external	coco_train2017_000000004488.jpg	train	external_coco_train2017_000000004488.jpg	mouse_only
external	coco_train2017_000000086011.jpg	train	external_coco_train2017_000000086011.jpg	mouse_only
external	coco_train2017_000000556399.jpg	train	external_coco_train2017_000000556399.jpg	mouse_only
external	coco_train2017_000000217700.jpg	train	external_coco_train2017_000000217700.jpg	bottle_only
external	coco_train2017_000000314370.jpg	train	external_coco_train2017_000000314370.jpg	bottle_only
external	coco_train2017_000000405141.jpg	train	external_coco_train2017_000000405141.jpg	both
external	coco_train2017_000000144163.jpg	train	external_coco_train2017_000000144163.jpg	mouse_only
external	coco_train2017_000000426246.jpg	train	external_coco_train2017_000000426246.jpg	bottle_only
external	coco_train2017_000000191136.jpg	train	external_coco_train2017_000000191136.jpg	mouse_only
external	coco_train2017_000000376697.jpg	train	external_coco_train2017_000000376697.jpg	bottle_only
external	coco_train2017_000000434511.jpg	train	external_coco_train2017_000000434511.jpg	mouse_only
self	00006_IMG_9689.jpg	train	self_00006_IMG_9689.jpg	both
external	coco_train2017_000000130215.jpg	train	external_coco_train2017_000000130215.jpg	mouse_only
external	coco_train2017_000000191772.jpg	train	external_coco_train2017_000000191772.jpg	bottle_only
external	coco_train2017_000000377570.jpg	train	external_coco_train2017_000000377570.jpg	both
external	coco_val2017_000000520077.jpg	train	external_coco_val2017_000000520077.jpg	both
external	coco_train2017_000000277795.jpg	train	external_coco_train2017_000000277795.jpg	both
external	coco_train2017_000000351253.jpg	train	external_coco_train2017_000000351253.jpg	mouse_only
external	coco_train2017_000000061849.jpg	train	external_coco_train2017_000000061849.jpg	mouse_only
external	coco_train2017_000000223942.jpg	train	external_coco_train2017_000000223942.jpg	mouse_only
external	coco_train2017_000000450391.jpg	train	external_coco_train2017_000000450391.jpg	bottle_only
external	coco_train2017_000000361351.jpg	train	external_coco_train2017_000000361351.jpg	bottle_only
external	coco_train2017_000000077195.jpg	train	external_coco_train2017_000000077195.jpg	bottle_only
external	coco_train2017_000000372709.jpg	train	external_coco_train2017_000000372709.jpg	bottle_only
external	coco_train2017_000000413668.jpg	train	external_coco_train2017_000000413668.jpg	mouse_only
external	coco_train2017_000000351159.jpg	train	external_coco_train2017_000000351159.jpg	both
external	coco_train2017_000000326210.jpg	train	external_coco_train2017_000000326210.jpg	both
external	coco_train2017_000000498690.jpg	train	external_coco_train2017_000000498690.jpg	mouse_only
external	coco_train2017_000000287578.jpg	train	external_coco_train2017_000000287578.jpg	mouse_only
external	coco_train2017_000000058462.jpg	train	external_coco_train2017_000000058462.jpg	bottle_only
external	coco_train2017_000000510250.jpg	train	external_coco_train2017_000000510250.jpg	bottle_only
external	coco_train2017_000000578295.jpg	train	external_coco_train2017_000000578295.jpg	mouse_only
external	coco_train2017_000000305422.jpg	train	external_coco_train2017_000000305422.jpg	mouse_only
external	coco_train2017_000000307138.jpg	train	external_coco_train2017_000000307138.jpg	bottle_only
external	coco_train2017_000000149556.jpg	train	external_coco_train2017_000000149556.jpg	mouse_only
external	coco_train2017_000000352908.jpg	train	external_coco_train2017_000000352908.jpg	bottle_only
external	coco_train2017_000000485933.jpg	train	external_coco_train2017_000000485933.jpg	bottle_only
external	coco_train2017_000000498786.jpg	train	external_coco_train2017_000000498786.jpg	bottle_only
external	coco_train2017_000000537337.jpg	train	external_coco_train2017_000000537337.jpg	mouse_only
external	coco_train2017_000000284144.jpg	train	external_coco_train2017_000000284144.jpg	bottle_only
external	coco_train2017_000000086282.jpg	train	external_coco_train2017_000000086282.jpg	bottle_only
external	coco_train2017_000000006608.jpg	train	external_coco_train2017_000000006608.jpg	both
external	coco_train2017_000000551877.jpg	train	external_coco_train2017_000000551877.jpg	bottle_only
external	coco_train2017_000000058658.jpg	train	external_coco_train2017_000000058658.jpg	both
external	coco_train2017_000000115005.jpg	train	external_coco_train2017_000000115005.jpg	mouse_only
external	coco_val2017_000000340894.jpg	train	external_coco_val2017_000000340894.jpg	mouse_only
external	coco_train2017_000000139291.jpg	train	external_coco_train2017_000000139291.jpg	bottle_only
external	coco_train2017_000000215002.jpg	train	external_coco_train2017_000000215002.jpg	mouse_only
external	coco_train2017_000000423488.jpg	train	external_coco_train2017_000000423488.jpg	both
external	coco_train2017_000000164691.jpg	train	external_coco_train2017_000000164691.jpg	both
external	coco_train2017_000000260311.jpg	train	external_coco_train2017_000000260311.jpg	mouse_only
external	coco_train2017_000000111996.jpg	train	external_coco_train2017_000000111996.jpg	mouse_only
external	coco_train2017_000000504030.jpg	train	external_coco_train2017_000000504030.jpg	both
external	coco_train2017_000000515837.jpg	train	external_coco_train2017_000000515837.jpg	bottle_only
external	coco_train2017_000000223739.jpg	train	external_coco_train2017_000000223739.jpg	bottle_only
external	coco_val2017_000000059598.jpg	train	external_coco_val2017_000000059598.jpg	mouse_only
external	coco_train2017_000000092480.jpg	train	external_coco_train2017_000000092480.jpg	mouse_only
external	coco_train2017_000000291091.jpg	train	external_coco_train2017_000000291091.jpg	mouse_only
self	00020_IMG_9703.jpg	train	self_00020_IMG_9703.jpg	bottle_only
external	coco_val2017_000000372466.jpg	train	external_coco_val2017_000000372466.jpg	mouse_only
external	coco_train2017_000000245451.jpg	train	external_coco_train2017_000000245451.jpg	both
external	coco_train2017_000000160181.jpg	train	external_coco_train2017_000000160181.jpg	bottle_only
self	00012_IMG_9695.jpg	train	self_00012_IMG_9695.jpg	both
external	coco_train2017_000000501278.jpg	train	external_coco_train2017_000000501278.jpg	mouse_only
external	coco_train2017_000000059319.jpg	train	external_coco_train2017_000000059319.jpg	bottle_only
external	coco_train2017_000000438045.jpg	train	external_coco_train2017_000000438045.jpg	mouse_only
external	coco_train2017_000000121661.jpg	train	external_coco_train2017_000000121661.jpg	both
external	coco_train2017_000000309294.jpg	train	external_coco_train2017_000000309294.jpg	bottle_only
external	coco_train2017_000000038686.jpg	train	external_coco_train2017_000000038686.jpg	mouse_only
external	coco_train2017_000000420344.jpg	train	external_coco_train2017_000000420344.jpg	mouse_only
external	coco_train2017_000000130786.jpg	train	external_coco_train2017_000000130786.jpg	mouse_only
external	coco_train2017_000000329566.jpg	train	external_coco_train2017_000000329566.jpg	mouse_only
external	coco_train2017_000000566385.jpg	train	external_coco_train2017_000000566385.jpg	bottle_only
external	coco_train2017_000000015552.jpg	train	external_coco_train2017_000000015552.jpg	mouse_only
external	coco_train2017_000000037527.jpg	train	external_coco_train2017_000000037527.jpg	bottle_only
external	coco_train2017_000000154202.jpg	train	external_coco_train2017_000000154202.jpg	mouse_only
external	coco_train2017_000000312435.jpg	train	external_coco_train2017_000000312435.jpg	both
external	coco_train2017_000000447548.jpg	train	external_coco_train2017_000000447548.jpg	mouse_only
external	coco_train2017_000000111032.jpg	train	external_coco_train2017_000000111032.jpg	bottle_only
external	coco_train2017_000000475887.jpg	train	external_coco_train2017_000000475887.jpg	mouse_only
external	coco_val2017_000000371677.jpg	train	external_coco_val2017_000000371677.jpg	mouse_only
external	coco_train2017_000000313015.jpg	train	external_coco_train2017_000000313015.jpg	bottle_only
external	coco_val2017_000000363840.jpg	train	external_coco_val2017_000000363840.jpg	both
external	coco_train2017_000000390157.jpg	train	external_coco_train2017_000000390157.jpg	bottle_only
external	coco_train2017_000000331146.jpg	train	external_coco_train2017_000000331146.jpg	both
external	coco_train2017_000000515019.jpg	train	external_coco_train2017_000000515019.jpg	bottle_only
external	coco_train2017_000000453625.jpg	train	external_coco_train2017_000000453625.jpg	mouse_only
external	coco_train2017_000000168546.jpg	train	external_coco_train2017_000000168546.jpg	both
external	coco_train2017_000000443723.jpg	train	external_coco_train2017_000000443723.jpg	mouse_only
external	coco_train2017_000000349234.jpg	train	external_coco_train2017_000000349234.jpg	mouse_only
external	coco_train2017_000000254670.jpg	train	external_coco_train2017_000000254670.jpg	bottle_only
external	coco_val2017_000000145781.jpg	train	external_coco_val2017_000000145781.jpg	bottle_only
external	coco_train2017_000000160743.jpg	train	external_coco_train2017_000000160743.jpg	mouse_only
external	coco_train2017_000000459428.jpg	train	external_coco_train2017_000000459428.jpg	mouse_only
external	coco_train2017_000000215994.jpg	train	external_coco_train2017_000000215994.jpg	bottle_only
external	coco_train2017_000000169872.jpg	train	external_coco_train2017_000000169872.jpg	both
external	coco_train2017_000000406681.jpg	train	external_coco_train2017_000000406681.jpg	mouse_only
external	coco_train2017_000000526801.jpg	train	external_coco_train2017_000000526801.jpg	mouse_only
external	coco_train2017_000000328654.jpg	train	external_coco_train2017_000000328654.jpg	bottle_only
external	coco_train2017_000000125311.jpg	train	external_coco_train2017_000000125311.jpg	both
external	coco_train2017_000000202128.jpg	train	external_coco_train2017_000000202128.jpg	both
external	coco_train2017_000000518324.jpg	train	external_coco_train2017_000000518324.jpg	both
external	coco_train2017_000000417804.jpg	train	external_coco_train2017_000000417804.jpg	mouse_only
external	coco_train2017_000000026052.jpg	train	external_coco_train2017_000000026052.jpg	bottle_only
external	coco_train2017_000000449394.jpg	train	external_coco_train2017_000000449394.jpg	both
external	coco_train2017_000000530097.jpg	train	external_coco_train2017_000000530097.jpg	mouse_only
external	coco_train2017_000000422792.jpg	train	external_coco_train2017_000000422792.jpg	mouse_only
external	coco_train2017_000000444664.jpg	train	external_coco_train2017_000000444664.jpg	mouse_only
external	coco_train2017_000000009253.jpg	train	external_coco_train2017_000000009253.jpg	both
external	coco_val2017_000000117719.jpg	train	external_coco_val2017_000000117719.jpg	bottle_only
external	coco_train2017_000000535335.jpg	train	external_coco_train2017_000000535335.jpg	bottle_only
external	coco_train2017_000000051799.jpg	train	external_coco_train2017_000000051799.jpg	mouse_only
external	coco_train2017_000000098694.jpg	train	external_coco_train2017_000000098694.jpg	both
external	coco_train2017_000000311827.jpg	train	external_coco_train2017_000000311827.jpg	both
external	coco_train2017_000000275672.jpg	train	external_coco_train2017_000000275672.jpg	bottle_only
external	coco_train2017_000000215872.jpg	train	external_coco_train2017_000000215872.jpg	bottle_only
external	coco_train2017_000000213538.jpg	train	external_coco_train2017_000000213538.jpg	both
external	coco_train2017_000000145841.jpg	train	external_coco_train2017_000000145841.jpg	mouse_only
external	coco_train2017_000000114187.jpg	train	external_coco_train2017_000000114187.jpg	mouse_only
self	00005_IMG_9688.jpg	train	self_00005_IMG_9688.jpg	both
external	coco_train2017_000000521514.jpg	train	external_coco_train2017_000000521514.jpg	mouse_only
external	coco_train2017_000000402779.jpg	train	external_coco_train2017_000000402779.jpg	mouse_only
external	coco_train2017_000000242427.jpg	train	external_coco_train2017_000000242427.jpg	mouse_only
external	coco_train2017_000000276488.jpg	train	external_coco_train2017_000000276488.jpg	both
external	coco_train2017_000000170917.jpg	train	external_coco_train2017_000000170917.jpg	mouse_only
external	coco_train2017_000000574069.jpg	train	external_coco_train2017_000000574069.jpg	mouse_only
external	coco_train2017_000000379310.jpg	train	external_coco_train2017_000000379310.jpg	mouse_only
external	coco_train2017_000000411277.jpg	train	external_coco_train2017_000000411277.jpg	mouse_only
external	coco_val2017_000000248314.jpg	train	external_coco_val2017_000000248314.jpg	both
external	coco_train2017_000000254134.jpg	train	external_coco_train2017_000000254134.jpg	both
external	coco_train2017_000000130524.jpg	train	external_coco_train2017_000000130524.jpg	mouse_only
external	coco_train2017_000000294744.jpg	train	external_coco_train2017_000000294744.jpg	mouse_only
external	coco_train2017_000000039446.jpg	train	external_coco_train2017_000000039446.jpg	both
external	coco_train2017_000000297426.jpg	train	external_coco_train2017_000000297426.jpg	mouse_only
self	00029_IMG_9712.jpg	train	self_00029_IMG_9712.jpg	both
external	coco_train2017_000000530002.jpg	train	external_coco_train2017_000000530002.jpg	both
external	coco_train2017_000000557678.jpg	train	external_coco_train2017_000000557678.jpg	mouse_only
external	coco_train2017_000000167818.jpg	train	external_coco_train2017_000000167818.jpg	mouse_only
external	coco_train2017_000000415646.jpg	train	external_coco_train2017_000000415646.jpg	both
external	coco_train2017_000000449904.jpg	train	external_coco_train2017_000000449904.jpg	bottle_only
external	coco_train2017_000000281208.jpg	train	external_coco_train2017_000000281208.jpg	mouse_only
external	coco_train2017_000000442197.jpg	train	external_coco_train2017_000000442197.jpg	mouse_only
external	coco_train2017_000000066816.jpg	train	external_coco_train2017_000000066816.jpg	both
external	coco_val2017_000000213547.jpg	train	external_coco_val2017_000000213547.jpg	bottle_only
external	coco_train2017_000000412878.jpg	train	external_coco_train2017_000000412878.jpg	mouse_only
external	coco_train2017_000000569272.jpg	train	external_coco_train2017_000000569272.jpg	mouse_only
external	coco_train2017_000000499419.jpg	train	external_coco_train2017_000000499419.jpg	mouse_only
external	coco_train2017_000000073427.jpg	train	external_coco_train2017_000000073427.jpg	bottle_only
external	coco_train2017_000000256611.jpg	train	external_coco_train2017_000000256611.jpg	mouse_only
external	coco_train2017_000000238795.jpg	train	external_coco_train2017_000000238795.jpg	bottle_only
external	coco_train2017_000000431923.jpg	train	external_coco_train2017_000000431923.jpg	mouse_only
external	coco_train2017_000000257713.jpg	train	external_coco_train2017_000000257713.jpg	bottle_only
external	coco_train2017_000000076589.jpg	train	external_coco_train2017_000000076589.jpg	bottle_only
external	coco_train2017_000000310572.jpg	train	external_coco_train2017_000000310572.jpg	bottle_only
external	coco_train2017_000000335085.jpg	train	external_coco_train2017_000000335085.jpg	bottle_only
external	coco_val2017_000000333772.jpg	train	external_coco_val2017_000000333772.jpg	mouse_only
external	coco_train2017_000000138911.jpg	train	external_coco_train2017_000000138911.jpg	mouse_only
external	coco_train2017_000000289128.jpg	train	external_coco_train2017_000000289128.jpg	bottle_only
external	coco_train2017_000000114503.jpg	train	external_coco_train2017_000000114503.jpg	bottle_only
external	coco_train2017_000000133071.jpg	train	external_coco_train2017_000000133071.jpg	bottle_only
self	00003_IMG_9686.jpg	train	self_00003_IMG_9686.jpg	both
external	coco_train2017_000000500499.jpg	train	external_coco_train2017_000000500499.jpg	both
external	coco_train2017_000000304150.jpg	train	external_coco_train2017_000000304150.jpg	both
self	00022_IMG_9705.jpg	train	self_00022_IMG_9705.jpg	bottle_only
external	coco_train2017_000000097696.jpg	train	external_coco_train2017_000000097696.jpg	mouse_only
external	coco_train2017_000000098629.jpg	train	external_coco_train2017_000000098629.jpg	bottle_only
external	coco_train2017_000000183287.jpg	train	external_coco_train2017_000000183287.jpg	bottle_only
external	coco_train2017_000000369309.jpg	train	external_coco_train2017_000000369309.jpg	both
external	coco_train2017_000000500761.jpg	train	external_coco_train2017_000000500761.jpg	bottle_only
external	coco_val2017_000000413247.jpg	train	external_coco_val2017_000000413247.jpg	both
external	coco_train2017_000000533511.jpg	train	external_coco_train2017_000000533511.jpg	mouse_only
external	coco_train2017_000000169480.jpg	train	external_coco_train2017_000000169480.jpg	bottle_only
external	coco_train2017_000000555080.jpg	train	external_coco_train2017_000000555080.jpg	both
external	coco_train2017_000000268992.jpg	train	external_coco_train2017_000000268992.jpg	mouse_only
external	coco_train2017_000000307238.jpg	train	external_coco_train2017_000000307238.jpg	bottle_only
external	coco_train2017_000000382617.jpg	train	external_coco_train2017_000000382617.jpg	mouse_only
external	coco_train2017_000000309386.jpg	train	external_coco_train2017_000000309386.jpg	bottle_only
external	coco_train2017_000000281970.jpg	train	external_coco_train2017_000000281970.jpg	bottle_only
external	coco_train2017_000000076484.jpg	train	external_coco_train2017_000000076484.jpg	mouse_only
external	coco_train2017_000000244613.jpg	train	external_coco_train2017_000000244613.jpg	mouse_only
external	coco_train2017_000000340155.jpg	train	external_coco_train2017_000000340155.jpg	mouse_only
external	coco_train2017_000000332836.jpg	train	external_coco_train2017_000000332836.jpg	mouse_only
external	coco_train2017_000000329623.jpg	train	external_coco_train2017_000000329623.jpg	bottle_only
external	coco_train2017_000000257955.jpg	train	external_coco_train2017_000000257955.jpg	bottle_only
external	coco_train2017_000000063143.jpg	train	external_coco_train2017_000000063143.jpg	both
external	coco_train2017_000000453195.jpg	train	external_coco_train2017_000000453195.jpg	mouse_only
external	coco_train2017_000000141828.jpg	train	external_coco_train2017_000000141828.jpg	mouse_only
external	coco_train2017_000000344033.jpg	train	external_coco_train2017_000000344033.jpg	mouse_only
external	coco_train2017_000000464622.jpg	train	external_coco_train2017_000000464622.jpg	bottle_only
external	coco_train2017_000000113205.jpg	train	external_coco_train2017_000000113205.jpg	mouse_only
external	coco_train2017_000000186266.jpg	train	external_coco_train2017_000000186266.jpg	bottle_only
external	coco_train2017_000000272176.jpg	train	external_coco_train2017_000000272176.jpg	bottle_only
external	coco_train2017_000000062376.jpg	train	external_coco_train2017_000000062376.jpg	both
self	00026_IMG_9709.jpg	train	self_00026_IMG_9709.jpg	both
external	coco_train2017_000000074041.jpg	train	external_coco_train2017_000000074041.jpg	bottle_only
external	coco_train2017_000000214526.jpg	train	external_coco_train2017_000000214526.jpg	bottle_only
external	coco_train2017_000000346386.jpg	train	external_coco_train2017_000000346386.jpg	mouse_only
external	coco_train2017_000000206454.jpg	train	external_coco_train2017_000000206454.jpg	bottle_only
external	coco_train2017_000000273855.jpg	train	external_coco_train2017_000000273855.jpg	bottle_only
external	coco_train2017_000000312247.jpg	train	external_coco_train2017_000000312247.jpg	mouse_only
external	coco_train2017_000000571654.jpg	train	external_coco_train2017_000000571654.jpg	both
external	coco_train2017_000000327198.jpg	train	external_coco_train2017_000000327198.jpg	both
external	coco_train2017_000000531697.jpg	train	external_coco_train2017_000000531697.jpg	mouse_only
external	coco_train2017_000000287872.jpg	train	external_coco_train2017_000000287872.jpg	bottle_only
external	coco_train2017_000000426172.jpg	train	external_coco_train2017_000000426172.jpg	bottle_only
external	coco_train2017_000000274477.jpg	train	external_coco_train2017_000000274477.jpg	mouse_only
external	coco_train2017_000000410436.jpg	train	external_coco_train2017_000000410436.jpg	both
external	coco_train2017_000000007476.jpg	train	external_coco_train2017_000000007476.jpg	bottle_only
external	coco_train2017_000000445323.jpg	train	external_coco_train2017_000000445323.jpg	mouse_only
external	coco_train2017_000000193673.jpg	train	external_coco_train2017_000000193673.jpg	bottle_only
external	coco_train2017_000000056032.jpg	train	external_coco_train2017_000000056032.jpg	bottle_only
external	coco_train2017_000000089238.jpg	train	external_coco_train2017_000000089238.jpg	both
external	coco_train2017_000000187878.jpg	train	external_coco_train2017_000000187878.jpg	both
external	coco_train2017_000000070459.jpg	train	external_coco_train2017_000000070459.jpg	both
external	coco_train2017_000000337153.jpg	train	external_coco_train2017_000000337153.jpg	bottle_only
external	coco_train2017_000000285253.jpg	train	external_coco_train2017_000000285253.jpg	mouse_only
external	coco_train2017_000000486457.jpg	train	external_coco_train2017_000000486457.jpg	both
external	coco_train2017_000000402109.jpg	train	external_coco_train2017_000000402109.jpg	both
external	coco_train2017_000000221696.jpg	train	external_coco_train2017_000000221696.jpg	bottle_only
external	coco_train2017_000000368397.jpg	train	external_coco_train2017_000000368397.jpg	bottle_only
external	coco_train2017_000000031796.jpg	train	external_coco_train2017_000000031796.jpg	bottle_only
external	coco_train2017_000000140936.jpg	train	external_coco_train2017_000000140936.jpg	mouse_only
external	coco_train2017_000000054363.jpg	train	external_coco_train2017_000000054363.jpg	bottle_only
external	coco_train2017_000000509210.jpg	train	external_coco_train2017_000000509210.jpg	bottle_only
external	coco_train2017_000000092217.jpg	train	external_coco_train2017_000000092217.jpg	both
external	coco_train2017_000000460460.jpg	train	external_coco_train2017_000000460460.jpg	bottle_only
external	coco_train2017_000000581670.jpg	train	external_coco_train2017_000000581670.jpg	bottle_only
external	coco_train2017_000000227540.jpg	train	external_coco_train2017_000000227540.jpg	mouse_only
external	coco_train2017_000000423744.jpg	train	external_coco_train2017_000000423744.jpg	mouse_only
external	coco_train2017_000000056960.jpg	train	external_coco_train2017_000000056960.jpg	mouse_only
external	coco_train2017_000000028978.jpg	train	external_coco_train2017_000000028978.jpg	mouse_only
external	coco_train2017_000000366724.jpg	train	external_coco_train2017_000000366724.jpg	mouse_only
external	coco_train2017_000000126429.jpg	train	external_coco_train2017_000000126429.jpg	bottle_only
external	coco_train2017_000000142534.jpg	train	external_coco_train2017_000000142534.jpg	mouse_only
external	coco_val2017_000000348481.jpg	train	external_coco_val2017_000000348481.jpg	mouse_only
external	coco_train2017_000000180569.jpg	train	external_coco_train2017_000000180569.jpg	both
external	coco_train2017_000000243796.jpg	train	external_coco_train2017_000000243796.jpg	both
external	coco_train2017_000000379596.jpg	train	external_coco_train2017_000000379596.jpg	bottle_only
external	coco_train2017_000000054517.jpg	train	external_coco_train2017_000000054517.jpg	bottle_only
external	coco_train2017_000000017154.jpg	train	external_coco_train2017_000000017154.jpg	mouse_only
external	coco_train2017_000000222408.jpg	train	external_coco_train2017_000000222408.jpg	both
external	coco_train2017_000000453010.jpg	train	external_coco_train2017_000000453010.jpg	mouse_only
external	coco_train2017_000000075587.jpg	train	external_coco_train2017_000000075587.jpg	both
external	coco_train2017_000000363191.jpg	train	external_coco_train2017_000000363191.jpg	bottle_only
external	coco_val2017_000000215778.jpg	train	external_coco_val2017_000000215778.jpg	mouse_only
external	coco_train2017_000000331588.jpg	train	external_coco_train2017_000000331588.jpg	bottle_only
external	coco_train2017_000000250108.jpg	train	external_coco_train2017_000000250108.jpg	both
external	coco_train2017_000000430261.jpg	train	external_coco_train2017_000000430261.jpg	bottle_only
external	coco_train2017_000000280508.jpg	train	external_coco_train2017_000000280508.jpg	bottle_only
external	coco_train2017_000000189813.jpg	train	external_coco_train2017_000000189813.jpg	mouse_only
external	coco_train2017_000000469427.jpg	train	external_coco_train2017_000000469427.jpg	bottle_only
external	coco_train2017_000000343552.jpg	train	external_coco_train2017_000000343552.jpg	mouse_only
external	coco_train2017_000000347055.jpg	train	external_coco_train2017_000000347055.jpg	mouse_only
external	coco_train2017_000000507782.jpg	train	external_coco_train2017_000000507782.jpg	both
external	coco_train2017_000000096268.jpg	train	external_coco_train2017_000000096268.jpg	mouse_only
external	coco_train2017_000000294549.jpg	train	external_coco_train2017_000000294549.jpg	mouse_only
external	coco_train2017_000000432212.jpg	train	external_coco_train2017_000000432212.jpg	mouse_only
external	coco_train2017_000000030947.jpg	train	external_coco_train2017_000000030947.jpg	both
external	coco_train2017_000000065509.jpg	train	external_coco_train2017_000000065509.jpg	bottle_only
external	coco_train2017_000000432258.jpg	train	external_coco_train2017_000000432258.jpg	mouse_only
external	coco_train2017_000000298459.jpg	train	external_coco_train2017_000000298459.jpg	mouse_only
external	coco_train2017_000000034785.jpg	train	external_coco_train2017_000000034785.jpg	bottle_only
external	coco_train2017_000000384235.jpg	train	external_coco_train2017_000000384235.jpg	both
external	coco_train2017_000000183692.jpg	train	external_coco_train2017_000000183692.jpg	bottle_only
external	coco_train2017_000000224190.jpg	train	external_coco_train2017_000000224190.jpg	both
external	coco_train2017_000000226913.jpg	train	external_coco_train2017_000000226913.jpg	mouse_only
external	coco_train2017_000000084214.jpg	train	external_coco_train2017_000000084214.jpg	mouse_only
external	coco_train2017_000000573973.jpg	train	external_coco_train2017_000000573973.jpg	mouse_only
external	coco_train2017_000000430002.jpg	train	external_coco_train2017_000000430002.jpg	mouse_only
external	coco_train2017_000000047213.jpg	train	external_coco_train2017_000000047213.jpg	bottle_only
external	coco_train2017_000000493307.jpg	train	external_coco_train2017_000000493307.jpg	bottle_only
external	coco_train2017_000000000909.jpg	train	external_coco_train2017_000000000909.jpg	bottle_only
external	coco_train2017_000000535721.jpg	train	external_coco_train2017_000000535721.jpg	bottle_only
external	coco_train2017_000000106849.jpg	train	external_coco_train2017_000000106849.jpg	bottle_only
external	coco_train2017_000000472080.jpg	train	external_coco_train2017_000000472080.jpg	mouse_only
external	coco_train2017_000000569024.jpg	train	external_coco_train2017_000000569024.jpg	mouse_only
external	coco_train2017_000000145460.jpg	train	external_coco_train2017_000000145460.jpg	bottle_only
external	coco_train2017_000000136559.jpg	train	external_coco_train2017_000000136559.jpg	mouse_only
external	coco_train2017_000000070710.jpg	train	external_coco_train2017_000000070710.jpg	bottle_only
external	coco_train2017_000000456009.jpg	train	external_coco_train2017_000000456009.jpg	mouse_only
external	coco_train2017_000000424485.jpg	train	external_coco_train2017_000000424485.jpg	both
external	coco_train2017_000000516008.jpg	train	external_coco_train2017_000000516008.jpg	mouse_only
external	coco_train2017_000000426300.jpg	train	external_coco_train2017_000000426300.jpg	bottle_only
external	coco_train2017_000000292792.jpg	train	external_coco_train2017_000000292792.jpg	both
external	coco_train2017_000000063974.jpg	train	external_coco_train2017_000000063974.jpg	bottle_only
external	coco_train2017_000000015165.jpg	train	external_coco_train2017_000000015165.jpg	mouse_only
external	coco_train2017_000000541117.jpg	train	external_coco_train2017_000000541117.jpg	both
external	coco_train2017_000000461042.jpg	train	external_coco_train2017_000000461042.jpg	mouse_only
external	coco_train2017_000000449798.jpg	train	external_coco_train2017_000000449798.jpg	mouse_only
external	coco_train2017_000000267152.jpg	train	external_coco_train2017_000000267152.jpg	bottle_only
external	coco_train2017_000000276057.jpg	train	external_coco_train2017_000000276057.jpg	both
external	coco_train2017_000000410331.jpg	train	external_coco_train2017_000000410331.jpg	bottle_only
external	coco_val2017_000000357888.jpg	train	external_coco_val2017_000000357888.jpg	bottle_only
external	coco_train2017_000000146504.jpg	train	external_coco_train2017_000000146504.jpg	mouse_only
external	coco_train2017_000000024794.jpg	train	external_coco_train2017_000000024794.jpg	bottle_only
external	coco_train2017_000000392476.jpg	train	external_coco_train2017_000000392476.jpg	mouse_only
external	coco_train2017_000000043227.jpg	train	external_coco_train2017_000000043227.jpg	mouse_only
external	coco_train2017_000000406362.jpg	train	external_coco_train2017_000000406362.jpg	mouse_only
external	coco_train2017_000000193798.jpg	train	external_coco_train2017_000000193798.jpg	mouse_only
external	coco_train2017_000000574492.jpg	train	external_coco_train2017_000000574492.jpg	bottle_only
external	coco_train2017_000000195949.jpg	train	external_coco_train2017_000000195949.jpg	mouse_only
external	coco_train2017_000000364722.jpg	train	external_coco_train2017_000000364722.jpg	bottle_only
external	coco_train2017_000000510923.jpg	train	external_coco_train2017_000000510923.jpg	bottle_only
external	coco_train2017_000000482696.jpg	train	external_coco_train2017_000000482696.jpg	bottle_only
external	coco_train2017_000000301977.jpg	train	external_coco_train2017_000000301977.jpg	bottle_only
external	coco_train2017_000000451053.jpg	train	external_coco_train2017_000000451053.jpg	both
external	coco_train2017_000000519723.jpg	train	external_coco_train2017_000000519723.jpg	mouse_only
external	coco_train2017_000000470821.jpg	train	external_coco_train2017_000000470821.jpg	bottle_only
external	coco_train2017_000000010870.jpg	train	external_coco_train2017_000000010870.jpg	both
external	coco_train2017_000000173069.jpg	train	external_coco_train2017_000000173069.jpg	both
external	coco_train2017_000000381192.jpg	train	external_coco_train2017_000000381192.jpg	both
external	coco_train2017_000000538422.jpg	train	external_coco_train2017_000000538422.jpg	bottle_only
external	coco_train2017_000000453801.jpg	train	external_coco_train2017_000000453801.jpg	mouse_only
external	coco_train2017_000000286342.jpg	train	external_coco_train2017_000000286342.jpg	mouse_only
external	coco_train2017_000000570141.jpg	train	external_coco_train2017_000000570141.jpg	mouse_only
external	coco_train2017_000000083836.jpg	train	external_coco_train2017_000000083836.jpg	bottle_only
external	coco_train2017_000000115930.jpg	train	external_coco_train2017_000000115930.jpg	bottle_only
external	coco_train2017_000000278309.jpg	train	external_coco_train2017_000000278309.jpg	mouse_only
external	coco_train2017_000000517453.jpg	train	external_coco_train2017_000000517453.jpg	bottle_only
external	coco_train2017_000000264371.jpg	train	external_coco_train2017_000000264371.jpg	bottle_only
external	coco_train2017_000000444941.jpg	train	external_coco_train2017_000000444941.jpg	both
self	00015_IMG_9698.jpg	train	self_00015_IMG_9698.jpg	both
external	coco_train2017_000000275211.jpg	train	external_coco_train2017_000000275211.jpg	bottle_only
external	coco_train2017_000000316842.jpg	train	external_coco_train2017_000000316842.jpg	mouse_only
external	coco_train2017_000000006406.jpg	train	external_coco_train2017_000000006406.jpg	bottle_only
external	coco_train2017_000000137967.jpg	train	external_coco_train2017_000000137967.jpg	both
external	coco_train2017_000000078359.jpg	train	external_coco_train2017_000000078359.jpg	bottle_only
external	coco_train2017_000000172507.jpg	train	external_coco_train2017_000000172507.jpg	bottle_only
external	coco_train2017_000000417143.jpg	train	external_coco_train2017_000000417143.jpg	bottle_only
external	coco_train2017_000000280761.jpg	train	external_coco_train2017_000000280761.jpg	both
external	coco_train2017_000000122097.jpg	train	external_coco_train2017_000000122097.jpg	bottle_only
external	coco_train2017_000000019544.jpg	train	external_coco_train2017_000000019544.jpg	both
external	coco_train2017_000000471952.jpg	train	external_coco_train2017_000000471952.jpg	both
external	coco_train2017_000000542786.jpg	train	external_coco_train2017_000000542786.jpg	mouse_only
external	coco_train2017_000000017409.jpg	train	external_coco_train2017_000000017409.jpg	bottle_only
external	coco_train2017_000000158384.jpg	train	external_coco_train2017_000000158384.jpg	both
external	coco_train2017_000000298290.jpg	train	external_coco_train2017_000000298290.jpg	bottle_only
external	coco_train2017_000000430640.jpg	train	external_coco_train2017_000000430640.jpg	mouse_only
external	coco_train2017_000000041027.jpg	train	external_coco_train2017_000000041027.jpg	bottle_only
external	coco_train2017_000000425899.jpg	train	external_coco_train2017_000000425899.jpg	mouse_only
external	coco_train2017_000000271068.jpg	train	external_coco_train2017_000000271068.jpg	mouse_only
external	coco_train2017_000000494991.jpg	train	external_coco_train2017_000000494991.jpg	bottle_only
external	coco_train2017_000000102757.jpg	val	external_coco_train2017_000000102757.jpg	bottle_only
external	coco_train2017_000000540270.jpg	val	external_coco_train2017_000000540270.jpg	bottle_only
external	coco_train2017_000000526342.jpg	val	external_coco_train2017_000000526342.jpg	bottle_only
external	coco_train2017_000000290974.jpg	val	external_coco_train2017_000000290974.jpg	bottle_only
external	coco_train2017_000000054806.jpg	val	external_coco_train2017_000000054806.jpg	bottle_only
external	coco_train2017_000000473491.jpg	val	external_coco_train2017_000000473491.jpg	mouse_only
external	coco_train2017_000000371822.jpg	val	external_coco_train2017_000000371822.jpg	bottle_only
external	coco_train2017_000000125773.jpg	val	external_coco_train2017_000000125773.jpg	mouse_only
external	coco_val2017_000000463842.jpg	val	external_coco_val2017_000000463842.jpg	bottle_only
external	coco_train2017_000000299987.jpg	val	external_coco_train2017_000000299987.jpg	both
external	coco_train2017_000000215167.jpg	val	external_coco_train2017_000000215167.jpg	mouse_only
external	coco_train2017_000000312412.jpg	val	external_coco_train2017_000000312412.jpg	bottle_only
external	coco_val2017_000000560011.jpg	val	external_coco_val2017_000000560011.jpg	mouse_only
external	coco_train2017_000000440964.jpg	val	external_coco_train2017_000000440964.jpg	mouse_only
external	coco_train2017_000000354746.jpg	val	external_coco_train2017_000000354746.jpg	both
external	coco_train2017_000000078079.jpg	val	external_coco_train2017_000000078079.jpg	mouse_only
external	coco_val2017_000000555009.jpg	val	external_coco_val2017_000000555009.jpg	both
external	coco_train2017_000000153542.jpg	val	external_coco_train2017_000000153542.jpg	mouse_only
external	coco_train2017_000000302823.jpg	val	external_coco_train2017_000000302823.jpg	bottle_only
external	coco_train2017_000000304385.jpg	val	external_coco_train2017_000000304385.jpg	bottle_only
external	coco_train2017_000000300806.jpg	val	external_coco_train2017_000000300806.jpg	bottle_only
external	coco_train2017_000000561479.jpg	val	external_coco_train2017_000000561479.jpg	mouse_only
external	coco_train2017_000000384176.jpg	val	external_coco_train2017_000000384176.jpg	mouse_only
external	coco_train2017_000000094609.jpg	val	external_coco_train2017_000000094609.jpg	mouse_only
external	coco_train2017_000000014335.jpg	val	external_coco_train2017_000000014335.jpg	mouse_only
external	coco_train2017_000000096067.jpg	val	external_coco_train2017_000000096067.jpg	bottle_only
external	coco_train2017_000000035498.jpg	val	external_coco_train2017_000000035498.jpg	mouse_only
external	coco_train2017_000000510652.jpg	val	external_coco_train2017_000000510652.jpg	mouse_only
external	coco_train2017_000000141946.jpg	val	external_coco_train2017_000000141946.jpg	both
external	coco_train2017_000000237853.jpg	val	external_coco_train2017_000000237853.jpg	both
external	coco_train2017_000000485465.jpg	val	external_coco_train2017_000000485465.jpg	bottle_only
external	coco_train2017_000000487033.jpg	val	external_coco_train2017_000000487033.jpg	mouse_only
external	coco_train2017_000000310085.jpg	val	external_coco_train2017_000000310085.jpg	bottle_only
external	coco_train2017_000000421529.jpg	val	external_coco_train2017_000000421529.jpg	both
external	coco_val2017_000000387098.jpg	val	external_coco_val2017_000000387098.jpg	both
external	coco_train2017_000000386127.jpg	val	external_coco_train2017_000000386127.jpg	both
external	coco_train2017_000000245971.jpg	val	external_coco_train2017_000000245971.jpg	both
external	coco_train2017_000000235464.jpg	val	external_coco_train2017_000000235464.jpg	bottle_only
external	coco_train2017_000000501909.jpg	val	external_coco_train2017_000000501909.jpg	mouse_only
external	coco_train2017_000000108917.jpg	val	external_coco_train2017_000000108917.jpg	mouse_only
self	00004_IMG_9687.jpg	val	self_00004_IMG_9687.jpg	both
external	coco_train2017_000000125353.jpg	val	external_coco_train2017_000000125353.jpg	bottle_only
external	coco_train2017_000000177277.jpg	val	external_coco_train2017_000000177277.jpg	mouse_only
external	coco_val2017_000000173091.jpg	val	external_coco_val2017_000000173091.jpg	bottle_only
external	coco_train2017_000000188311.jpg	val	external_coco_train2017_000000188311.jpg	mouse_only
external	coco_train2017_000000122982.jpg	val	external_coco_train2017_000000122982.jpg	both
external	coco_train2017_000000246794.jpg	val	external_coco_train2017_000000246794.jpg	mouse_only
self	00021_IMG_9704.jpg	val	self_00021_IMG_9704.jpg	bottle_only
external	coco_train2017_000000124117.jpg	val	external_coco_train2017_000000124117.jpg	mouse_only
external	coco_train2017_000000090802.jpg	val	external_coco_train2017_000000090802.jpg	bottle_only
self	00014_IMG_9697.jpg	val	self_00014_IMG_9697.jpg	both
external	coco_train2017_000000183967.jpg	val	external_coco_train2017_000000183967.jpg	bottle_only
external	coco_train2017_000000571786.jpg	val	external_coco_train2017_000000571786.jpg	bottle_only
external	coco_train2017_000000496766.jpg	val	external_coco_train2017_000000496766.jpg	both
external	coco_train2017_000000221893.jpg	val	external_coco_train2017_000000221893.jpg	bottle_only
external	coco_train2017_000000060450.jpg	val	external_coco_train2017_000000060450.jpg	bottle_only
external	coco_train2017_000000237230.jpg	val	external_coco_train2017_000000237230.jpg	bottle_only
external	coco_train2017_000000355918.jpg	val	external_coco_train2017_000000355918.jpg	mouse_only
external	coco_train2017_000000463865.jpg	val	external_coco_train2017_000000463865.jpg	both
external	coco_train2017_000000058937.jpg	val	external_coco_train2017_000000058937.jpg	bottle_only
external	coco_train2017_000000006725.jpg	val	external_coco_train2017_000000006725.jpg	mouse_only
external	coco_train2017_000000339938.jpg	val	external_coco_train2017_000000339938.jpg	mouse_only
self	00030_IMG_9713.jpg	val	self_00030_IMG_9713.jpg	both
external	coco_train2017_000000071563.jpg	val	external_coco_train2017_000000071563.jpg	both
external	coco_train2017_000000430731.jpg	val	external_coco_train2017_000000430731.jpg	mouse_only
external	coco_train2017_000000265179.jpg	val	external_coco_train2017_000000265179.jpg	bottle_only
external	coco_train2017_000000120491.jpg	val	external_coco_train2017_000000120491.jpg	bottle_only
external	coco_train2017_000000174745.jpg	val	external_coco_train2017_000000174745.jpg	both
external	coco_train2017_000000118108.jpg	val	external_coco_train2017_000000118108.jpg	mouse_only
external	coco_train2017_000000099539.jpg	val	external_coco_train2017_000000099539.jpg	both
external	coco_train2017_000000318306.jpg	val	external_coco_train2017_000000318306.jpg	bottle_only
external	coco_train2017_000000429332.jpg	val	external_coco_train2017_000000429332.jpg	mouse_only
external	coco_train2017_000000057403.jpg	val	external_coco_train2017_000000057403.jpg	both
external	coco_train2017_000000163829.jpg	val	external_coco_train2017_000000163829.jpg	mouse_only
external	coco_train2017_000000215330.jpg	val	external_coco_train2017_000000215330.jpg	bottle_only
external	coco_train2017_000000442026.jpg	val	external_coco_train2017_000000442026.jpg	bottle_only
external	coco_train2017_000000556462.jpg	val	external_coco_train2017_000000556462.jpg	bottle_only
external	coco_train2017_000000051302.jpg	val	external_coco_train2017_000000051302.jpg	bottle_only
external	coco_train2017_000000573997.jpg	val	external_coco_train2017_000000573997.jpg	both
external	coco_train2017_000000315474.jpg	val	external_coco_train2017_000000315474.jpg	bottle_only
external	coco_train2017_000000204473.jpg	val	external_coco_train2017_000000204473.jpg	mouse_only
external	coco_train2017_000000297979.jpg	val	external_coco_train2017_000000297979.jpg	bottle_only
external	coco_train2017_000000577762.jpg	val	external_coco_train2017_000000577762.jpg	both
external	coco_train2017_000000410980.jpg	val	external_coco_train2017_000000410980.jpg	mouse_only
external	coco_train2017_000000182758.jpg	val	external_coco_train2017_000000182758.jpg	mouse_only
external	coco_train2017_000000391175.jpg	val	external_coco_train2017_000000391175.jpg	both
external	coco_train2017_000000114729.jpg	val	external_coco_train2017_000000114729.jpg	mouse_only
self	00027_IMG_9710.jpg	val	self_00027_IMG_9710.jpg	both
external	coco_train2017_000000124347.jpg	val	external_coco_train2017_000000124347.jpg	bottle_only
external	coco_train2017_000000384826.jpg	val	external_coco_train2017_000000384826.jpg	bottle_only
external	coco_train2017_000000174774.jpg	val	external_coco_train2017_000000174774.jpg	mouse_only
external	coco_train2017_000000201436.jpg	val	external_coco_train2017_000000201436.jpg	bottle_only
external	coco_train2017_000000499134.jpg	val	external_coco_train2017_000000499134.jpg	mouse_only
external	coco_train2017_000000422261.jpg	val	external_coco_train2017_000000422261.jpg	mouse_only
external	coco_train2017_000000567389.jpg	val	external_coco_train2017_000000567389.jpg	mouse_only
external	coco_train2017_000000219624.jpg	val	external_coco_train2017_000000219624.jpg	both
external	coco_train2017_000000249506.jpg	val	external_coco_train2017_000000249506.jpg	both
external	coco_train2017_000000158201.jpg	val	external_coco_train2017_000000158201.jpg	bottle_only
external	coco_train2017_000000362751.jpg	val	external_coco_train2017_000000362751.jpg	mouse_only
external	coco_train2017_000000058886.jpg	val	external_coco_train2017_000000058886.jpg	mouse_only
external	coco_val2017_000000547144.jpg	test	external_coco_val2017_000000547144.jpg	mouse_only
external	coco_train2017_000000105865.jpg	test	external_coco_train2017_000000105865.jpg	bottle_only
external	coco_train2017_000000070755.jpg	test	external_coco_train2017_000000070755.jpg	bottle_only
external	coco_train2017_000000068646.jpg	test	external_coco_train2017_000000068646.jpg	mouse_only
external	coco_train2017_000000421794.jpg	test	external_coco_train2017_000000421794.jpg	mouse_only
self	00023_IMG_9706.jpg	test	self_00023_IMG_9706.jpg	bottle_only
external	coco_val2017_000000180751.jpg	test	external_coco_val2017_000000180751.jpg	bottle_only
external	coco_train2017_000000000716.jpg	test	external_coco_train2017_000000000716.jpg	mouse_only
external	coco_train2017_000000497444.jpg	test	external_coco_train2017_000000497444.jpg	bottle_only
external	coco_train2017_000000037367.jpg	test	external_coco_train2017_000000037367.jpg	both
external	coco_train2017_000000349918.jpg	test	external_coco_train2017_000000349918.jpg	mouse_only
external	coco_train2017_000000047739.jpg	test	external_coco_train2017_000000047739.jpg	bottle_only
external	coco_train2017_000000576771.jpg	test	external_coco_train2017_000000576771.jpg	bottle_only
external	coco_train2017_000000174511.jpg	test	external_coco_train2017_000000174511.jpg	mouse_only
external	coco_train2017_000000543992.jpg	test	external_coco_train2017_000000543992.jpg	mouse_only
external	coco_train2017_000000523526.jpg	test	external_coco_train2017_000000523526.jpg	bottle_only
external	coco_train2017_000000084889.jpg	test	external_coco_train2017_000000084889.jpg	bottle_only
external	coco_train2017_000000504598.jpg	test	external_coco_train2017_000000504598.jpg	both
external	coco_train2017_000000072872.jpg	test	external_coco_train2017_000000072872.jpg	bottle_only
external	coco_train2017_000000317615.jpg	test	external_coco_train2017_000000317615.jpg	mouse_only
external	coco_train2017_000000242543.jpg	test	external_coco_train2017_000000242543.jpg	bottle_only
external	coco_train2017_000000331162.jpg	test	external_coco_train2017_000000331162.jpg	mouse_only
external	coco_train2017_000000432424.jpg	test	external_coco_train2017_000000432424.jpg	both
external	coco_train2017_000000581632.jpg	test	external_coco_train2017_000000581632.jpg	bottle_only
external	coco_train2017_000000414045.jpg	test	external_coco_train2017_000000414045.jpg	mouse_only
external	coco_train2017_000000298067.jpg	test	external_coco_train2017_000000298067.jpg	bottle_only
external	coco_train2017_000000260135.jpg	test	external_coco_train2017_000000260135.jpg	bottle_only
external	coco_train2017_000000223875.jpg	test	external_coco_train2017_000000223875.jpg	bottle_only
external	coco_train2017_000000389667.jpg	test	external_coco_train2017_000000389667.jpg	mouse_only
external	coco_train2017_000000251219.jpg	test	external_coco_train2017_000000251219.jpg	bottle_only
external	coco_train2017_000000267910.jpg	test	external_coco_train2017_000000267910.jpg	mouse_only
external	coco_train2017_000000162813.jpg	test	external_coco_train2017_000000162813.jpg	bottle_only
external	coco_train2017_000000108803.jpg	test	external_coco_train2017_000000108803.jpg	bottle_only
external	coco_train2017_000000493504.jpg	test	external_coco_train2017_000000493504.jpg	mouse_only
external	coco_train2017_000000189376.jpg	test	external_coco_train2017_000000189376.jpg	both
self	00002_IMG_9685.jpg	test	self_00002_IMG_9685.jpg	both
external	coco_train2017_000000359565.jpg	test	external_coco_train2017_000000359565.jpg	bottle_only
external	coco_train2017_000000108303.jpg	test	external_coco_train2017_000000108303.jpg	bottle_only
external	coco_train2017_000000316708.jpg	test	external_coco_train2017_000000316708.jpg	mouse_only
external	coco_train2017_000000498125.jpg	test	external_coco_train2017_000000498125.jpg	both
external	coco_train2017_000000131011.jpg	test	external_coco_train2017_000000131011.jpg	mouse_only
external	coco_train2017_000000423768.jpg	test	external_coco_train2017_000000423768.jpg	bottle_only
external	coco_train2017_000000029891.jpg	test	external_coco_train2017_000000029891.jpg	mouse_only
external	coco_train2017_000000153524.jpg	test	external_coco_train2017_000000153524.jpg	mouse_only
external	coco_train2017_000000514504.jpg	test	external_coco_train2017_000000514504.jpg	mouse_only
external	coco_train2017_000000225352.jpg	test	external_coco_train2017_000000225352.jpg	mouse_only
external	coco_train2017_000000307995.jpg	test	external_coco_train2017_000000307995.jpg	bottle_only
self	00016_IMG_9699.jpg	test	self_00016_IMG_9699.jpg	both
external	coco_train2017_000000308536.jpg	test	external_coco_train2017_000000308536.jpg	mouse_only
external	coco_train2017_000000234091.jpg	test	external_coco_train2017_000000234091.jpg	bottle_only
external	coco_train2017_000000286120.jpg	test	external_coco_train2017_000000286120.jpg	both
external	coco_train2017_000000204502.jpg	test	external_coco_train2017_000000204502.jpg	bottle_only
external	coco_train2017_000000316725.jpg	test	external_coco_train2017_000000316725.jpg	mouse_only
external	coco_train2017_000000482242.jpg	test	external_coco_train2017_000000482242.jpg	both
external	coco_train2017_000000158647.jpg	test	external_coco_train2017_000000158647.jpg	mouse_only
external	coco_train2017_000000253491.jpg	test	external_coco_train2017_000000253491.jpg	mouse_only
external	coco_train2017_000000048037.jpg	test	external_coco_train2017_000000048037.jpg	bottle_only
external	coco_train2017_000000581744.jpg	test	external_coco_train2017_000000581744.jpg	mouse_only
external	coco_train2017_000000136539.jpg	test	external_coco_train2017_000000136539.jpg	bottle_only
external	coco_train2017_000000382653.jpg	test	external_coco_train2017_000000382653.jpg	both
external	coco_train2017_000000009760.jpg	test	external_coco_train2017_000000009760.jpg	both
external	coco_train2017_000000119534.jpg	test	external_coco_train2017_000000119534.jpg	bottle_only
external	coco_val2017_000000293858.jpg	test	external_coco_val2017_000000293858.jpg	bottle_only
self	00019_IMG_9702.jpg	test	self_00019_IMG_9702.jpg	mouse_only
external	coco_train2017_000000538210.jpg	test	external_coco_train2017_000000538210.jpg	both
external	coco_train2017_000000150646.jpg	test	external_coco_train2017_000000150646.jpg	bottle_only
external	coco_train2017_000000517582.jpg	test	external_coco_train2017_000000517582.jpg	both
external	coco_val2017_000000570782.jpg	test	external_coco_val2017_000000570782.jpg	both
external	coco_train2017_000000267932.jpg	test	external_coco_train2017_000000267932.jpg	both
self	00011_IMG_9694.jpg	test	self_00011_IMG_9694.jpg	both
external	coco_train2017_000000067657.jpg	test	external_coco_train2017_000000067657.jpg	bottle_only
external	coco_train2017_000000071021.jpg	test	external_coco_train2017_000000071021.jpg	mouse_only
external	coco_train2017_000000487774.jpg	test	external_coco_train2017_000000487774.jpg	mouse_only
external	coco_train2017_000000136230.jpg	test	external_coco_train2017_000000136230.jpg	mouse_only
external	coco_train2017_000000450555.jpg	test	external_coco_train2017_000000450555.jpg	mouse_only
external	coco_train2017_000000510581.jpg	test	external_coco_train2017_000000510581.jpg	mouse_only
external	coco_train2017_000000105538.jpg	test	external_coco_train2017_000000105538.jpg	mouse_only
external	coco_train2017_000000393692.jpg	test	external_coco_train2017_000000393692.jpg	mouse_only
external	coco_train2017_000000301449.jpg	test	external_coco_train2017_000000301449.jpg	bottle_only
external	coco_train2017_000000214087.jpg	test	external_coco_train2017_000000214087.jpg	both
external	coco_train2017_000000508568.jpg	test	external_coco_train2017_000000508568.jpg	both
external	coco_train2017_000000185623.jpg	test	external_coco_train2017_000000185623.jpg	bottle_only
external	coco_train2017_000000221040.jpg	test	external_coco_train2017_000000221040.jpg	mouse_only
external	coco_train2017_000000333580.jpg	test	external_coco_train2017_000000333580.jpg	both
external	coco_train2017_000000533949.jpg	test	external_coco_train2017_000000533949.jpg	both
external	coco_train2017_000000058677.jpg	test	external_coco_train2017_000000058677.jpg	bottle_only
external	coco_train2017_000000189274.jpg	test	external_coco_train2017_000000189274.jpg	bottle_only
external	coco_train2017_000000295564.jpg	test	external_coco_train2017_000000295564.jpg	bottle_only
external	coco_train2017_000000413046.jpg	test	external_coco_train2017_000000413046.jpg	bottle_only
external	coco_train2017_000000400417.jpg	test	external_coco_train2017_000000400417.jpg	both
external	coco_train2017_000000163692.jpg	test	external_coco_train2017_000000163692.jpg	both
external	coco_train2017_000000401327.jpg	test	external_coco_train2017_000000401327.jpg	mouse_only
external	coco_train2017_000000452615.jpg	test	external_coco_train2017_000000452615.jpg	mouse_only
external	coco_train2017_000000573341.jpg	test	external_coco_train2017_000000573341.jpg	bottle_only
external	coco_train2017_000000209931.jpg	test	external_coco_train2017_000000209931.jpg	mouse_only
external	coco_train2017_000000121613.jpg	test	external_coco_train2017_000000121613.jpg	both
external	coco_train2017_000000454388.jpg	test	external_coco_train2017_000000454388.jpg	both
external	coco_train2017_000000044112.jpg	test	external_coco_train2017_000000044112.jpg	bottle_only
external	coco_train2017_000000531784.jpg	test	external_coco_train2017_000000531784.jpg	mouse_only
external	coco_train2017_000000299785.jpg	test	external_coco_train2017_000000299785.jpg	mouse_only
